Rank,PlayerName,Team,Position,Age,GamesPlayed,GamesStarted,CompletedPasses,AttemptedPasses,PassingYards,PassingTouchdowns,Interceptions,RushAttempts,RushYards,YardsPerRush,RushingTouchdowns,Targets,Receptions,ReceivingYards,YardsPerRecepetion,ReceivingTouchdowns,Fumbles,FL,TotalTouchdowns,2PM,2PP,FantPt,PPR,DKPt,FDPt,VBD,PositionRank,OverallRank,-9999
1,Josh Allen,BUF,QB,26,6,6,160,239,1980,17,4,47,257,5.47,2,0,0,0,,0,5,2,2,,,173,172.9,184.9,176.9,74,1,1,AlleJo02
2,Nick Chubb,CLE,RB,27,6,6,0,0,0,0,0,110,649,5.9,7,11,7,51,7.29,0,0,0,7,,,112,119,122,115.5,58,1,2,ChubNi00
3,Travis Kelce,KAN,TE,33,6,6,0,0,0,0,0,2,5,2.5,0,52,41,455,11.1,7,0,0,7,1,,90,131,134,110.5,54,1,3,KelcTr00
4,Stefon Diggs,BUF,WR,29,6,6,0,0,0,0,0,0,0,,0,65,49,656,13.39,6,0,0,6,,,102,150.6,153.6,126.1,53,1,4,DiggSt00
5,Saquon Barkley,NYG,RB,25,6,6,0,0,0,0,0,119,616,5.18,4,26,21,155,7.38,0,1,0,4,1,,103,124.1,130.1,113.6,50,2,5,BarkSa00
6,Lamar Jackson,BAL,QB,25,6,6,112,181,1277,13,6,56,451,8.05,2,0,0,0,,0,3,1,2,,,146,146.2,159.2,152.2,48,2,6,JackLa00
7,Jalen Hurts,PHI,QB,24,6,6,123,184,1514,6,2,77,293,3.81,6,0,0,0,,0,3,0,6,,,146,145.9,153.9,147.9,48,3,7,HurtJa00
8,Patrick Mahomes,KAN,QB,27,6,6,151,229,1736,17,4,21,113,5.38,0,0,0,0,,0,1,0,0,,1,143,142.7,152.7,146.7,45,4,8,MahoPa00
9,Cooper Kupp,LAR,WR,29,6,6,0,1,0,0,0,4,41,10.25,1,72,56,607,10.84,4,1,1,5,,,93,148.8,152.8,120.8,45,2,9,KuppCo00
10,Austin Ekeler,LAC,RB,27,6,6,0,0,0,0,0,75,349,4.65,4,49,41,261,6.37,2,1,0,6,,,97,138,144,117.5,44,3,10,EkelAu00
11,Mark Andrews,BAL,TE,27,6,6,0,0,0,0,0,1,3,3,0,57,39,455,11.67,5,0,0,5,,,76,114.8,117.8,95.3,41,2,11,AndrMa00
12,Justin Jefferson,MIN,WR,23,6,6,1,1,23,0,0,1,3,3,1,63,46,654,14.22,2,0,0,3,1,,87,132.6,135.6,109.6,39,3,12,JeffJu00
13,Taysom Hill,NOR,TE,32,6,2,5,7,86,1,0,29,276,9.52,5,2,2,5,2.5,1,1,0,6,,,72,73.5,76.5,72.5,37,3,13,HillTa00
14,Tyreek Hill,MIA,WR,28,6,6,0,0,0,0,0,4,18,4.5,0,65,50,701,14.02,2,1,0,2,,,84,133.9,136.9,108.9,37,4,14,HillTy00
15,Kyler Murray,ARI,QB,25,7,7,184,281,1667,7,4,45,263,5.84,2,0,0,0,,0,5,1,2,1,3,131,131,142,135,34,5,15,MurrKy00
16,Christian McCaffrey,CAR,RB,26,6,6,0,0,0,0,0,85,393,4.62,2,43,33,277,8.39,1,0,0,3,,,85,118,124,101.5,33,4,16,McCaCh01
17,Joe Burrow,CIN,QB,26,6,6,152,228,1616,12,5,27,110,4.07,2,0,0,0,,0,3,1,2,,2,128,127.6,139.6,132.6,31,6,17,BurrJo01
18,Derrick Henry,TEN,RB,28,5,5,0,0,0,0,0,104,408,3.92,5,14,10,121,12.1,0,1,0,5,,,83,92.9,98.9,87.9,31,6,18,HenrDe00
19,Breece Hall,NYJ,RB,21,6,1,0,0,0,0,0,76,391,5.14,3,31,19,218,11.47,1,1,1,4,,,83,101.9,108.9,92.4,31,5,19,HallBr03
20,Leonard Fournette,TAM,RB,27,6,6,0,0,0,0,0,95,343,3.61,1,36,32,232,7.25,3,0,0,4,,,82,113.5,119.5,97.5,29,7,20,FourLe00
21,Josh Jacobs,LVR,RB,24,5,5,0,0,0,0,0,91,490,5.38,3,18,17,129,7.59,0,1,0,3,,,80,96.9,102.9,88.4,28,8,21,JacoJo01
22,Miles Sanders,PHI,RB,25,6,6,0,0,0,0,0,105,485,4.62,4,13,11,42,3.82,0,0,0,4,,,77,87.7,90.7,82.2,25,9,22,SandMi01
23,Davante Adams,LVR,WR,30,5,5,0,0,0,0,0,2,0,0,0,54,29,414,14.28,5,1,0,5,,,71,100.4,103.4,85.9,25,5,23,AdamDa01
24,Jaylen Waddle,MIA,WR,24,6,6,0,0,0,0,0,2,17,8.5,0,49,30,533,17.77,3,1,1,3,,,71,101,105,86,25,6,24,WaddJa00
25,Dalvin Cook,MIN,RB,27,6,6,0,0,0,0,0,94,450,4.79,4,16,12,80,6.67,0,1,1,4,,,75,87,91,81,23,10,25,CookDa01
26,Ja'Marr Chase,CIN,WR,22,6,6,0,0,0,0,0,4,2,0.5,0,63,39,475,12.18,4,1,1,4,,,70,108.7,112.7,89.2,23,7,26,ChasJa00
27,Jamaal Williams,DET,RB,27,5,2,0,0,0,0,0,77,332,4.31,6,8,5,30,6,0,0,0,6,,,72,77.2,80.2,74.7,21,11,27,WillJa06
28,Marquise Brown,ARI,WR,25,6,6,0,0,0,0,0,0,0,,0,64,43,485,11.28,3,1,0,3,,,67,109.5,112.5,88,20,8,28,BrowMa04
29,Rhamondre Stevenson,NWE,RB,24,6,1,0,0,0,0,0,87,448,5.15,3,21,17,86,5.06,0,0,0,3,,,71,88.4,91.4,79.9,20,12,29,StevRh00
30,Deebo Samuel,SFO,WR,26,6,5,0,0,0,0,0,23,136,5.91,1,47,27,345,12.78,2,2,1,3,,,64,91.1,98.1,77.6,18,9,30,SamuDe00
31,Clyde Edwards-Helaire,KAN,RB,23,6,6,0,0,0,0,0,59,256,4.34,2,18,16,137,8.56,3,0,0,5,,,69,85.3,91.3,77.3,18,13,31,EdwaCl00
32,Gabriel Davis,BUF,WR,23,5,5,0,0,0,0,0,0,0,,0,26,14,383,27.36,4,0,0,4,,,62,76.3,79.3,69.3,16,11,32,DaviGa01
33,A.J. Brown,PHI,WR,25,6,5,0,0,0,0,0,0,0,,0,53,33,503,15.24,2,0,0,2,,,62,95.3,98.3,78.8,16,10,33,BrowAJ00
34,Chris Olave,NOR,WR,22,6,4,0,0,0,0,0,0,0,,0,56,32,495,15.47,2,1,1,2,1,,62,93.5,97.5,77.5,16,12,34,OlavCh00
35,Zach Ertz,ARI,TE,32,7,7,0,0,0,0,0,0,0,,0,55,37,320,8.65,2,0,0,2,2,,48,85,88,66.5,15,4,35,ErtzZa00
36,Geno Smith,SEA,QB,32,6,6,138,188,1502,9,2,26,125,4.81,1,0,0,0,,0,2,0,1,,,111,110.6,118.6,112.6,15,7,36,SmitGe00
37,Dameon Pierce,HOU,RB,22,5,5,0,0,0,0,0,86,412,4.79,3,15,13,57,4.38,0,2,0,3,,,65,77.9,80.9,71.4,14,14,37,PierDa01
38,T.J. Hockenson,DET,TE,25,5,5,0,0,0,0,0,0,0,,0,34,19,267,14.05,3,0,0,3,1,,47,65.7,68.7,56.2,14,5,38,HockTJ00
39,Christian Kirk,JAX,WR,26,6,6,0,0,0,0,0,2,7,3.5,0,44,25,362,14.48,4,1,1,4,,,59,83.9,87.9,71.4,13,13,39,KirkCh01
40,Amari Cooper,CLE,WR,28,6,6,0,0,0,0,0,0,0,,0,55,31,348,11.23,4,0,0,4,,,59,89.8,92.8,74.3,13,14,40,CoopAm00
41,Aaron Jones,GNB,RB,28,6,6,0,0,0,0,0,70,409,5.84,1,23,17,123,7.24,1,1,1,2,,,63,80.2,87.2,71.7,12,15,41,JoneAa00
42,James Robinson,JAX,RB,24,6,5,0,0,0,0,0,81,340,4.2,3,10,9,46,5.11,1,1,0,4,,,63,71.6,74.6,67.1,12,16,42,RobiJa00
43,Khalil Herbert,CHI,RB,24,6,1,0,0,0,0,0,63,402,6.38,3,5,5,37,7.4,0,0,0,3,,,62,66.9,69.9,64.4,11,17,43,HerbKh00
44,Joe Mixon,CIN,RB,26,6,6,0,0,0,0,0,104,347,3.34,1,33,24,149,6.21,1,0,0,2,,,62,85.6,91.6,73.6,11,18,44,MixoJo00
45,Dallas Goedert,PHI,TE,27,6,6,0,0,0,0,0,0,0,,0,35,26,357,13.73,1,0,0,1,,,42,67.7,70.7,54.7,9,6,45,GoedDa00
46,CeeDee Lamb,DAL,WR,23,6,6,0,0,0,0,0,3,15,5,0,60,33,409,12.39,2,0,0,2,,,54,87.4,90.4,70.9,9,15,46,LambCe00
47,Mike Evans,TAM,WR,29,5,5,0,0,0,0,0,0,0,,0,33,24,358,14.92,3,0,0,3,,,54,77.8,80.8,65.8,8,16,47,EvanMi00
48,Justin Herbert,LAC,QB,24,6,6,170,257,1716,10,3,18,26,1.44,0,0,0,0,,0,1,1,0,,,103,103.2,110.2,106.2,8,8,48,HerbJu00
49,Mike Williams,LAC,WR,28,6,6,0,0,0,0,0,0,0,,0,50,30,409,13.63,2,0,0,2,,,53,82.9,85.9,67.9,8,17,49,WillMi07
50,Allen Lazard,GNB,WR,27,5,5,0,0,0,0,0,0,0,,0,34,20,285,14.25,4,0,0,4,,,53,72.5,75.5,62.5,7,18,50,LazaAl00
51,Tyler Lockett,SEA,WR,30,6,6,0,0,0,0,0,0,0,,0,45,34,423,12.44,2,1,1,2,,,52,86.3,90.3,69.3,7,19,51,LockTy00
52,Amon-Ra St. Brown,DET,WR,23,4,4,0,0,0,0,0,2,68,34,0,39,27,271,10.04,3,0,0,3,,,52,78.9,81.9,65.4,7,20,52,StxxAm00
53,DeVonta Smith,PHI,WR,24,6,6,0,0,0,0,0,0,0,,0,43,33,397,12.03,2,0,0,2,,,52,84.7,87.7,68.2,6,21,53,SmitDe07
54,David Njoku,CLE,TE,26,6,6,0,0,0,0,0,1,-6,-6,0,35,27,347,12.85,1,1,1,1,,,38,65.1,69.1,51.6,6,7,54,NjokDa00
55,Brandon Aiyuk,SFO,WR,24,6,6,0,0,0,0,0,1,7,7,0,38,25,320,12.8,3,0,0,3,,,51,75.7,78.7,63.2,5,22,55,AiyuBr00
56,Devin Duvernay,BAL,WR,25,6,6,0,0,0,0,0,5,22,4.4,0,25,18,240,13.33,3,0,0,4,,,50,68.2,71.2,59.2,5,23,56,DuveDe00
57,Eno Benjamin,ARI,RB,23,7,2,0,0,0,0,0,57,265,4.65,2,25,19,146,7.68,0,0,0,2,1,,55,74.1,80.1,64.6,5,19,57,BenjEn00
58,Jeff Wilson,SFO,RB,27,6,4,0,0,0,0,0,81,400,4.94,2,10,8,70,8.75,0,2,2,2,,,55,63,68,59,5,20,58,WilsJe01
59,Courtland Sutton,DEN,WR,27,6,6,0,0,0,0,0,1,5,5,0,49,31,431,13.9,1,0,0,1,,,50,80.6,83.6,65.1,4,24,59,SuttCo00
60,Cordarrelle Patterson,ATL,RB,31,4,3,0,0,0,0,0,58,340,5.86,3,7,4,28,7,0,0,0,3,,,55,58.8,61.8,56.8,4,21,60,PattCo00
61,Gerald Everett,LAC,TE,28,6,5,0,0,0,0,0,0,0,,0,36,22,242,11,2,0,0,2,,,36,58.2,61.2,47.2,4,8,61,EverGe00
62,D.K. Metcalf,SEA,WR,25,6,6,0,0,0,0,0,0,0,,0,50,30,406,13.53,2,2,2,2,,,49,78.6,83.6,63.6,3,25,62,MetcDK00
63,Ezekiel Elliott,DAL,RB,27,6,6,0,0,0,0,0,94,386,4.11,2,8,6,32,5.33,0,0,0,2,,,54,59.8,62.8,56.8,3,22,63,ElliEz00
64,Tee Higgins,CIN,WR,23,6,5,0,0,0,0,0,0,0,,0,37,26,362,13.92,2,0,0,2,,,48,74.2,77.2,61.2,3,26,64,HiggTe00
65,Trevor Lawrence,JAX,QB,23,6,6,133,203,1397,9,4,20,81,4.05,2,0,0,0,,0,4,4,2,,1,98,98,109,102,3,9,65,LawrTr00
66,Kirk Cousins,MIN,QB,34,6,6,151,228,1502,9,5,9,18,2,1,0,0,0,,0,1,0,1,,2,98,97.9,105.9,102.9,3,10,66,CousKi00
67,Mike Gesicki,MIA,TE,27,6,1,0,0,0,0,0,0,0,,0,19,15,170,11.33,3,0,0,3,,,35,50,53,42.5,3,9,67,GesiMi00
68,Michael Pittman Jr.,IND,WR,25,5,5,0,0,0,0,0,0,0,,0,52,38,417,10.97,1,0,0,1,,,48,85.7,88.7,66.7,3,27,68,PittMi01
69,Carson Wentz,WAS,QB,30,6,6,144,232,1489,10,6,19,79,4.16,0,0,0,0,,0,6,1,0,,2,97,97.5,107.5,103.5,3,11,69,WentCa00
70,Corey Davis,NYJ,WR,27,6,4,0,0,0,0,0,0,0,,0,33,19,351,18.47,2,0,0,2,,,47,66.1,69.1,56.6,2,28,70,DaviCo03
71,Kareem Hunt,CLE,RB,27,6,0,0,0,0,0,0,61,259,4.25,2,17,14,83,5.93,1,0,0,3,,,52,66.2,69.2,59.2,2,23,71,HuntKa00
72,Will Dissly,SEA,TE,26,6,6,0,0,0,0,0,0,0,,0,16,15,149,9.93,3,0,0,3,,,33,47.9,50.9,40.4,1,10,72,DissWi00
73,Josh Reynolds,DET,WR,27,5,5,0,0,0,0,0,0,0,,0,34,23,335,14.57,2,0,0,2,,,46,68.5,71.5,57,1,29,73,ReynJo00
74,Juwan Johnson,NOR,TE,26,7,3,0,0,0,0,0,0,0,,0,30,19,202,10.63,2,0,0,2,,,32,51.2,54.2,41.7,,11,74,JohnJu02
75,Tory Carter,TEN,,23,5,3,0,0,0,0,0,0,0,,0,0,0,0,,0,0,0,0,,,,,,,,1,75,CartTo01
76,Marcus Mariota,ATL,QB,29,6,6,84,137,1055,6,4,43,206,4.79,3,0,0,0,,0,7,3,3,,2,95,94.8,107.8,98.8,,12,76,MariMa01
77,Daniel Bellinger,NYG,TE,22,6,5,0,0,0,0,0,1,2,2,1,17,15,139,9.27,2,0,0,3,,,32,47.1,50.1,39.6,,12,77,BellDa00
78,Alvin Kamara,NOR,RB,27,5,5,0,0,0,0,0,77,351,4.56,0,35,24,191,7.96,0,2,2,0,,,50,74.2,82.2,62.2,,24,78,KamaAl00
79,Jared Goff,DET,QB,28,5,5,111,186,1355,11,4,10,23,2.3,0,0,0,0,,0,2,1,0,1,1,95,94.5,102.5,98.5,,13,,GoffJa00
80,Tom Brady,TAM,QB,45,6,6,166,247,1652,8,1,10,-7,-0.7,0,0,0,0,,0,3,2,0,,1,93,93.4,99.4,94.4,,14,,BradTo00
81,Daniel Jones,NYG,QB,25,6,6,107,159,1021,5,2,47,236,5.02,2,0,0,0,,0,2,2,2,,1,90,90.4,100.4,92.4,,15,,JoneDa05
82,Russell Wilson,DEN,QB,34,6,6,116,198,1442,5,3,21,96,4.57,1,1,1,1,1,0,1,0,1,,,87,88.4,94.4,90.9,,16,,WilsRu00
83,Matt Ryan,IND,QB,37,6,6,170,253,1765,8,7,11,9,0.82,0,0,0,0,,0,11,3,0,,,84,83.5,96.5,90.5,,17,,RyanMa00
84,Jacoby Brissett,CLE,QB,30,6,6,124,206,1326,6,5,22,112,5.09,1,0,0,0,,0,2,1,1,,,82,82.2,94.2,87.2,,18,,BrisJa00
85,Derek Carr,LVR,QB,31,5,5,113,184,1279,8,4,11,69,6.27,0,0,0,0,,0,2,0,0,,,82,82.1,89.1,86.1,,19,,CarrDe02
86,Aaron Rodgers,GNB,QB,39,6,6,140,209,1403,9,3,9,9,1,0,0,0,0,,0,5,3,0,,,81,81,90,84,,20,,RodgAa00
87,Jimmy Garoppolo,SFO,QB,31,5,4,94,148,1153,7,3,10,18,1.8,1,0,0,0,,0,2,1,1,,,74,73.9,80.9,76.9,,21,,GaroJi00
88,Justin Fields,CHI,QB,23,6,6,63,115,869,4,5,54,282,5.22,1,0,0,0,,0,7,1,1,,,73,73,85,78,,22,,FielJu00
89,Tua Tagovailoa,MIA,QB,24,4,4,80,115,1035,8,3,4,1,0.25,0,0,0,0,,0,1,0,0,,,68,67.5,73.5,70.5,,23,,TagoTu00
90,Matthew Stafford,LAR,QB,34,6,6,160,225,1576,6,8,8,7,0.88,0,0,0,0,,0,4,3,0,,,66,65.7,79.7,73.7,,24,,StafMa00
91,Ryan Tannehill,TEN,QB,34,5,5,82,126,965,6,3,15,23,1.53,1,0,0,0,,0,1,0,1,,,65,64.9,70.9,67.9,,25,,TannRy00
92,Andy Dalton,NOR,QB,35,4,4,83,131,946,7,4,12,28,2.33,0,0,0,0,,0,1,1,0,,1,61,60.6,68.6,64.6,,26,,DaltAn00
93,Cooper Rush,DAL,QB,29,6,5,90,156,1020,5,3,9,6,0.67,0,0,0,0,,0,2,0,0,,,55,55.4,61.4,58.4,,27,,RushCo00
94,Baker Mayfield,CAR,QB,27,5,5,84,153,962,4,4,14,40,2.86,1,0,0,0,,0,6,1,1,,,54,54.5,62.5,58.5,,28,,MayfBa00
95,Davis Mills,HOU,QB,24,5,5,104,166,1048,5,4,6,2,0.33,0,0,0,0,,0,4,1,0,,,52,52.1,60.1,56.1,,29,,MillDa02
96,Mitchell Trubisky,PIT,QB,28,5,4,78,128,797,3,2,13,29,2.23,1,0,0,0,,0,0,0,1,,1,51,50.8,55.8,52.8,,30,,TrubMi00
97,Najee Harris,PIT,RB,24,6,6,0,0,0,0,0,83,264,3.18,1,18,15,71,4.73,2,1,1,3,,,50,64.5,68.5,57,,25,,HarrNa00
98,Antonio Gibson,WAS,RB,24,6,5,0,0,0,0,0,61,214,3.51,2,24,19,152,8,0,0,0,2,,,49,67.6,73.6,58.1,,27,,GibsAn00
99,Tony Pollard,DAL,RB,25,6,1,0,0,0,0,0,55,292,5.31,2,16,9,79,8.78,0,0,0,2,,,49,58.1,61.1,53.6,,26,,PollTo00
100,Rashaad Penny,SEA,RB,26,5,5,0,0,0,0,0,57,346,6.07,2,5,4,16,4,0,1,0,2,,,48,52.2,55.2,50.2,,28,,PennRa00
101,Damien Harris,NWE,RB,25,5,5,0,0,0,0,0,57,257,4.51,3,10,8,30,3.75,0,0,0,3,,,47,54.7,57.7,50.7,,29,,HarrDa06
102,Devin Singletary,BUF,RB,25,6,6,0,0,0,0,0,57,256,4.49,0,28,22,167,7.59,1,1,1,1,,,46,68.3,75.3,57.3,,30,,SingDe00
103,Tyler Boyd,CIN,WR,28,6,4,1,1,23,0,0,0,0,,0,29,21,300,14.29,2,0,0,2,1,,45,65.9,68.9,55.4,,30,,BoydTy00
104,Travis Etienne,JAX,RB,23,6,1,0,0,0,0,0,54,301,5.57,0,18,13,146,11.23,0,2,0,0,,,45,57.7,63.7,51.2,,31,,EtieTr00
105,Joe Flacco,NYJ,QB,37,3,3,91,155,901,5,3,3,6,2,0,0,0,0,,0,4,3,0,,,45,44.6,53.6,47.6,,31,,FlacJo00
106,Drake London,ATL,WR,21,6,5,0,0,0,0,0,0,0,,0,43,25,306,12.24,2,0,0,2,1,,45,69.6,72.6,57.1,,31,,LondDr00
107,Terry McLaurin,WAS,WR,27,6,6,0,0,0,0,0,3,18,6,0,37,22,367,16.68,1,1,0,1,,,45,66.5,69.5,55.5,,32,,McLaTe00
108,Curtis Samuel,WAS,WR,26,6,5,0,0,0,0,0,8,51,6.38,0,50,34,287,8.44,2,1,1,2,,,44,77.8,81.8,60.8,,33,,SamuCu00
109,Jameis Winston,NOR,QB,28,3,3,73,115,858,4,5,5,16,3.2,0,0,0,0,,0,3,0,0,,1,44,43.9,51.9,48.9,,32,,WinsJa00
110,Michael Carter,NYJ,RB,23,6,5,0,0,0,0,0,53,199,3.75,2,22,18,106,5.89,0,1,0,2,,,43,60.5,66.5,51.5,,35,,CartMi03
111,AJ Dillon,GNB,RB,24,6,2,0,0,0,0,0,73,286,3.92,1,20,13,80,6.15,0,0,0,1,,,43,55.6,58.6,49.1,,34,,DillAJ00
112,Raheem Mostert,MIA,RB,30,6,4,0,0,0,0,0,71,309,4.35,1,14,8,64,8,0,0,0,1,,,43,51.3,54.3,47.3,,32,,MostRa00
113,D'Andre Swift,DET,RB,23,3,3,0,0,0,0,0,27,231,8.56,1,12,8,77,9.63,1,0,0,2,,,43,50.8,53.8,46.8,,33,,SwifDA00
114,David Montgomery,CHI,RB,25,5,5,0,0,0,0,0,62,246,3.97,1,11,10,113,11.3,0,0,0,1,,,42,51.9,57.9,46.9,,36,,MontDa01
115,Adam Thielen,MIN,WR,32,6,6,0,0,0,0,0,0,0,,0,43,29,284,9.79,2,0,0,2,1,,42,71.4,74.4,56.9,,34,,ThieAd00
116,Jerry Jeudy,DEN,WR,23,6,6,0,0,0,0,0,1,1,1,0,36,17,290,17.06,2,0,0,2,,,41,58.1,61.1,49.6,,35,,JeudJe00
117,JuJu Smith-Schuster,KAN,WR,26,6,6,0,0,0,0,0,0,0,,0,40,27,370,13.7,1,2,1,1,,,41,68,72,54.5,,36,,SmitJu00
118,Jonathan Taylor,IND,RB,23,4,4,0,0,0,0,0,81,328,4.05,1,16,9,44,4.89,0,1,1,1,,,41,50.2,54.2,45.7,,37,,TaylJo02
119,Garrett Wilson,NYJ,WR,22,6,3,0,0,0,0,0,1,-2,-2,0,48,24,290,12.08,2,0,0,2,,,41,64.8,67.8,52.8,,37,,WilsGa00
120,Jahan Dotson,WAS,WR,22,4,3,0,0,0,0,0,1,-10,-10,0,22,12,152,12.67,4,0,0,4,1,,40,52.2,55.2,46.2,,38,,DotsJa00
121,Jakobi Meyers,NWE,WR,26,4,3,0,0,0,0,0,1,7,7,0,31,24,321,13.38,1,0,0,1,,,39,62.8,65.8,50.8,,39,,MeyeJa01
122,Kenneth Walker III,SEA,RB,22,5,1,0,0,0,0,0,44,243,5.52,2,10,8,27,3.38,0,0,0,2,,,39,47,50,43,,38,,WalkKe00
123,Darrell Henderson,LAR,RB,25,6,4,0,0,0,0,0,46,181,3.93,2,18,14,77,5.5,0,0,0,2,,,38,51.8,54.8,44.8,,39,,HendDa00
124,Chase Edmonds,MIA,RB,26,6,2,0,0,0,0,0,31,89,2.87,2,15,10,96,9.6,1,0,0,3,,,37,46.5,46.5,41.5,,40,,EdmoCh00
125,Mac Jones,NWE,QB,24,3,3,64,97,786,2,5,14,37,2.64,1,0,0,0,,0,1,1,1,,,37,37.1,46.1,42.1,,33,,JoneMa05
126,Zach Wilson,NYJ,QB,23,3,3,42,75,572,1,2,11,18,1.64,1,1,1,2,2,1,0,0,2,,,37,37.9,42.9,39.4,,34,,WilsZa00
127,Olamide Zaccheaus,ATL,WR,25,6,4,0,0,0,0,0,0,0,,0,18,16,271,16.94,2,1,1,2,,,37,53.1,57.1,45.1,,40,,ZaccOl01
128,James Conner,ARI,RB,27,5,5,0,0,0,0,0,54,200,3.7,1,19,14,103,7.36,0,1,0,1,,,36,50.3,56.3,43.3,,41,,ConnJa00
129,Noah Brown,DAL,WR,26,6,6,0,0,0,0,0,0,0,,0,32,20,289,14.45,1,0,0,1,,,35,54.9,57.9,44.9,,42,,BrowNo00
130,Romeo Doubs,GNB,WR,22,6,4,0,0,0,0,0,1,11,11,0,38,26,234,9,2,2,1,2,,,35,60.5,64.5,47.5,,44,,DoubRo00
131,Isaiah McKenzie,BUF,WR,27,5,4,0,0,0,0,0,1,6,6,0,26,17,162,9.53,3,0,0,3,,,35,51.8,54.8,43.3,,43,,McKeIs00
132,Michael Thomas,NOR,WR,29,3,3,0,0,0,0,0,0,0,,0,22,16,171,10.69,3,0,0,3,,,35,51.1,54.1,43.1,,41,,ThomMi05
133,Rashod Bateman,BAL,WR,23,4,3,0,0,0,0,0,0,0,,0,22,11,243,22.09,2,1,1,2,,,34,45.3,49.3,39.8,,45,,BateRa00
134,Chase Claypool,PIT,WR,24,6,6,0,0,0,0,0,8,55,6.88,0,36,23,225,9.78,1,0,0,1,,,34,57,60,45.5,,46,,ClayCh01
135,Greg Dortch,ARI,WR,24,7,2,0,0,0,0,0,1,1,1,0,25,22,209,9.5,2,0,0,2,,,33,55,58,44,,50,,DortGr01
136,Dontrell Hilliard,TEN,RB,27,4,0,0,0,0,0,0,5,22,4.4,0,14,12,132,11,3,0,0,3,,,33,45.4,48.4,39.4,,42,,HillDo00
137,Mack Hollins,LVR,WR,29,5,4,1,1,4,0,0,0,0,,0,29,17,273,16.06,1,0,0,1,,,33,50.5,53.5,42,,47,,HollMa00
138,Diontae Johnson,PIT,WR,26,6,6,0,0,0,0,0,4,19,4.75,0,57,33,295,8.94,0,1,0,0,1,,33,66.4,69.4,49.9,,48,,JohnDi01
139,Kenny Pickett,PIT,QB,24,3,2,55,83,514,1,4,9,41,4.56,2,0,0,0,,0,1,0,2,,,33,32.7,39.7,36.7,,36,,PickKe00
140,Alec Pierce,IND,WR,22,5,4,0,0,0,0,0,0,0,,0,29,18,271,15.06,1,1,0,1,,,33,51.1,54.1,42.1,,49,,PierAl00
141,Bailey Zappe,NWE,QB,23,3,2,51,70,596,4,1,8,1,0.13,0,1,1,-6,-6,0,3,2,0,,,33,34.3,40.3,34.8,,35,,ZappBa00
142,Melvin Gordon,DEN,RB,29,6,2,0,0,0,0,0,55,201,3.65,1,13,11,98,8.91,0,4,2,1,,,32,42.9,47.9,37.4,,43,,GordMe00
143,Mecole Hardman,KAN,WR,24,6,4,0,0,0,0,0,2,3,1.5,0,21,15,186,12.4,2,1,0,2,,,31,45.9,48.9,38.4,,52,,HardMe00
144,DeVante Parker,NWE,WR,29,6,5,0,0,0,0,0,0,0,,0,22,12,253,21.08,1,0,0,1,,,31,43.3,46.3,37.3,,51,,ParkDe01
145,Brandin Cooks,HOU,WR,29,5,5,0,0,0,0,0,0,0,,0,42,24,235,9.79,1,0,0,1,,,30,53.5,56.5,41.5,,56,,CookBr00
146,Pat Freiermuth,PIT,TE,24,5,4,0,0,0,0,0,0,0,,0,32,20,235,11.75,1,0,0,1,,,30,49.5,52.5,39.5,,15,,FreiPa00
147,Tyler Higbee,LAR,TE,29,6,6,0,0,0,0,0,0,0,,0,50,34,297,8.74,0,0,0,0,,,30,63.7,66.7,46.7,,14,,HigbTy00
148,Hayden Hurst,CIN,TE,29,6,6,0,0,0,0,0,0,0,,0,31,23,178,7.74,2,0,0,2,,,30,52.8,55.8,41.3,,13,,HursHa00
149,D.J. Moore,CAR,WR,25,6,6,0,0,0,0,0,5,39,7.8,0,44,20,204,10.2,1,0,0,1,,,30,50.3,53.3,40.3,,54,,MoorD.00
150,Josh Palmer,LAC,WR,24,6,6,0,0,0,0,0,1,4,4,0,40,26,240,9.23,1,0,0,1,,,30,56.4,59.4,43.4,,53,,PalmJo00
151,Ben Skowronek,LAR,WR,25,6,5,0,0,0,0,0,1,17,17,1,29,23,221,9.61,0,0,0,1,,,30,52.8,55.8,41.3,,55,,SkowBe00
152,Tre'Quan Smith,NOR,WR,26,5,2,0,0,0,0,0,0,0,,0,20,14,235,16.79,1,0,0,1,,,30,43.5,46.5,36.5,,57,,SmitTr03
153,Teddy Bridgewater,MIA,QB,30,4,1,37,60,522,3,3,2,21,10.5,0,0,0,0,,0,0,0,0,,,29,29,35,32,,37,,BridTe00
154,Zay Jones,JAX,WR,27,5,4,0,0,0,0,0,1,0,0,0,37,27,227,8.41,1,0,0,1,,,29,55.7,58.7,42.2,,59,,JoneZa00
155,Allen Robinson,LAR,WR,29,6,6,0,0,0,0,0,0,0,,0,29,17,170,10,2,0,0,2,,,29,46,49,37.5,,58,,RobiAl02
156,J.K. Dobbins,BAL,RB,24,4,4,0,0,0,0,0,35,123,3.51,1,6,6,39,6.5,1,0,0,2,,,28,34.2,37.2,31.2,,44,,DobbJK00
157,Mark Ingram,NOR,RB,33,7,2,0,0,0,0,0,51,196,3.84,1,11,10,44,4.4,0,2,2,1,1,,28,38,43,33,,45,,IngrMa01
158,Alexander Mattison,MIN,RB,24,6,0,0,0,0,0,0,30,97,3.23,1,11,8,58,7.25,1,0,0,2,,,28,35.5,35.5,31.5,,46,,MattAl01
159,George Pickens,PIT,WR,21,6,3,0,0,0,0,0,1,1,1,0,34,20,277,13.85,0,0,0,0,,,28,47.8,50.8,37.8,,60,,PickGe00
160,Robert Tonyan,GNB,TE,28,6,2,0,0,0,0,0,0,0,,0,32,27,219,8.11,1,0,0,1,,,28,54.9,57.9,41.4,,16,,TonyRo00
161,Nico Collins,HOU,WR,23,5,3,0,0,0,0,0,0,0,,0,27,15,272,18.13,0,0,0,0,,,27,42.2,45.2,34.7,,61,,CollNi00
162,Tyler Conklin,NYJ,TE,27,6,6,0,0,0,0,0,1,1,1,0,32,22,208,9.45,1,2,0,1,,,27,48.9,51.9,37.9,,17,,ConkTy00
163,Kenyan Drake,BAL,RB,28,4,2,0,0,0,0,0,31,184,5.94,1,4,3,24,8,0,0,0,1,,,27,29.8,32.8,28.3,,48,,DrakKe00
164,Deon Jackson,IND,RB,23,6,1,0,0,0,0,0,27,101,3.74,1,14,14,108,7.71,0,0,0,1,,,27,40.9,46.9,33.9,,47,,JackDe02
165,Marvin Jones,JAX,WR,32,5,4,0,0,0,0,0,0,0,,0,30,18,208,11.56,1,0,0,1,,,27,44.8,47.8,35.8,,62,,JoneMa02
166,Donovan Peoples-Jones,CLE,WR,23,6,4,0,0,0,0,0,1,2,2,0,36,20,265,13.25,0,0,0,0,,,27,46.7,49.7,36.7,,63,,PeopDo00
167,Mo Alie-Cox,IND,TE,29,6,3,0,0,0,0,0,0,0,,0,15,11,136,12.36,2,0,0,2,,,26,36.6,39.6,31.1,,19,,AlieMo00
168,Tyler Allgeier,ATL,RB,22,5,2,0,0,0,0,0,54,235,4.35,0,2,2,25,12.5,0,0,0,0,,,26,28,31,27,,50,,AllgTy00
169,Braxton Berrios,NYJ,WR,27,6,0,1,1,2,1,0,5,55,11,2,10,8,48,6,0,0,0,2,,,26,34.4,34.4,30.4,,65,,BerrBr00
170,Randall Cobb,GNB,WR,32,6,1,0,0,0,0,0,0,0,,0,26,18,257,14.28,0,1,0,0,,,26,43.7,46.7,34.7,,66,,CobbRa00
171,J.D. McKissic,WAS,RB,29,6,0,0,0,0,0,0,19,85,4.47,0,33,24,159,6.63,0,0,0,0,1,,26,50.4,53.4,38.4,,49,,McKiJ.00
172,Dante Pettis,CHI,WR,27,6,3,0,0,0,0,0,0,0,,0,13,5,135,27,2,0,0,2,,,26,30.5,33.5,28,,67,,PettDa00
173,Irv Smith Jr.,MIN,TE,24,6,0,0,0,0,0,0,0,0,,0,29,18,140,7.78,2,1,0,2,,,26,44,47,35,,18,,SmitIr01
174,Marquez Valdes-Scantling,KAN,WR,28,6,5,0,0,0,0,0,1,-3,-3,0,34,19,258,13.58,0,0,0,0,,,26,44.5,47.5,35,,68,,ValdMa00
175,Javonte Williams,DEN,RB,22,4,4,0,0,0,0,0,47,204,4.34,0,22,16,76,4.75,0,1,1,0,,,26,42,46,34,,51,,WillJa10
176,Robert Woods,TEN,WR,30,5,4,0,0,0,0,0,0,0,,0,28,17,204,12,1,0,0,1,,,26,43.4,46.4,34.9,,64,,WoodRo02
177,Nelson Agholor,NWE,WR,29,5,3,0,0,0,0,0,0,0,,0,19,14,225,16.07,1,2,2,1,,,25,38.5,43.5,31.5,,72,,AghoNe00
178,Robbie Anderson,2TM,WR,29,7,5,0,0,0,0,0,0,0,,0,28,13,206,15.85,1,1,1,1,,,25,37.6,41.6,31.1,,71,,AndeRo04
179,Russell Gage,TAM,WR,26,6,3,0,0,0,0,0,0,0,,0,35,25,192,7.68,1,1,1,1,1,,25,50.2,54.2,37.7,,69,,GageRu00
180,Chris Godwin,TAM,WR,26,4,4,0,0,0,0,0,1,2,2,0,31,22,250,11.36,0,0,0,0,,,25,47.2,50.2,36.2,,70,,GodwCh00
181,Jerick McKinnon,KAN,RB,30,6,0,0,0,0,0,0,27,107,3.96,0,14,11,80,7.27,1,0,0,1,,,25,35.7,38.7,30.2,,52,,McKiJe00
182,Jelani Woods,IND,TE,24,6,0,0,0,0,0,0,0,0,,0,8,5,73,14.6,3,0,0,3,,,25,30.3,30.3,27.8,,20,,WoodJe01
183,Rex Burkhead,HOU,RB,32,5,0,0,0,0,0,0,20,64,3.2,0,24,18,112,6.22,1,0,0,1,,,24,41.6,44.6,32.6,,55,,BurkRe00
184,Kenneth Gainwell,PHI,RB,23,6,0,0,0,0,0,0,23,97,4.22,2,8,4,21,5.25,0,0,0,2,,,24,27.8,27.8,25.8,,54,,GainKe00
185,Darnell Mooney,CHI,WR,25,6,6,0,0,0,0,0,0,0,,0,33,17,241,14.18,0,0,0,0,,,24,41.1,44.1,32.6,,73,,MoonDa00
186,K.J. Osborn,MIN,WR,25,6,5,0,0,0,0,0,1,-1,-1,0,26,19,177,9.32,1,0,0,1,,,24,42.6,45.6,33.1,,74,,OsboKJ00
187,Samaje Perine,CIN,RB,27,6,0,0,0,0,0,0,17,75,4.41,0,15,12,105,8.75,1,0,0,1,,,24,36,39,30,,53,,PeriSa00
188,Darren Waller,LVR,TE,30,5,4,0,0,0,0,0,0,0,,0,24,16,175,10.94,1,0,0,1,,,24,39.5,42.5,31.5,,21,,WallDa01
189,Jamal Agnew,JAX,WR,27,6,0,0,0,0,0,0,5,29,5.8,0,11,7,78,11.14,2,0,0,2,,,23,29.7,29.7,26.2,,77,,AgneJa00
190,Dyami Brown,WAS,WR,23,6,0,0,0,0,0,0,0,0,,0,9,3,111,37,2,0,0,2,,,23,26.1,29.1,24.6,,75,,BrowDy00
191,Parris Campbell,IND,WR,25,6,5,0,0,0,0,0,0,0,,0,26,18,169,9.39,1,0,0,1,,,23,40.9,43.9,31.9,,76,,CampPa00
192,DeAndre Carter,LAC,WR,29,6,3,0,0,0,0,0,1,-5,-5,0,21,16,192,12,1,1,1,1,,,23,38.7,42.7,30.7,,78,,CartDe02
193,Evan Engram,JAX,TE,28,6,5,0,0,0,0,0,1,0,0,0,32,24,208,8.67,0,0,0,0,1,,23,46.8,49.8,34.8,,23,,EngrEv00
194,Kyle Pitts,ATL,TE,22,5,5,0,0,0,0,0,0,0,,0,25,13,169,13,1,0,0,1,,,23,35.9,38.9,29.4,,22,,PittKy00
195,Hunter Henry,NWE,TE,28,6,5,0,0,0,0,0,0,0,,0,21,13,156,12,1,0,0,1,,,22,34.6,37.6,28.1,,24,,HenrHu00
196,Joshua Kelley,LAC,RB,25,6,0,0,0,0,0,0,23,104,4.52,1,10,7,56,8,0,0,0,1,,,22,29,32,25.5,,56,,KellJo01
197,Isiah Pacheco,KAN,RB,22,6,0,0,0,0,0,0,31,149,4.81,1,2,2,9,4.5,0,2,0,1,,,22,23.8,26.8,22.8,,57,,PachIs00
198,Rashid Shaheed,NOR,WR,24,2,0,0,0,0,0,0,1,44,44,1,2,1,53,53,1,0,0,2,,,22,22.7,22.7,22.2,,79,,ShahRa00
199,Cam Akers,LAR,RB,23,5,2,0,0,0,0,0,51,151,2.96,1,5,2,18,9,0,1,1,1,,,21,22.9,26.9,21.9,,59,,AkerCa00
200,Noah Fant,SEA,TE,25,6,6,0,0,0,0,0,0,0,,0,23,19,150,7.89,1,0,0,1,,,21,40,43,30.5,,25,,FantNo00
201,Caleb Huntley,ATL,RB,24,4,0,0,0,0,0,0,35,152,4.34,1,0,0,0,,0,0,0,1,,,21,21.2,24.2,21.2,,58,,HuntCa02
202,Dawson Knox,BUF,TE,26,5,5,0,0,0,0,0,0,0,,0,20,15,148,9.87,1,0,0,1,,,21,35.8,38.8,28.3,,26,,KnoxDa00
203,Sterling Shepard,NYG,WR,29,3,2,0,0,0,0,0,0,0,,0,24,13,154,11.85,1,0,0,1,,,21,34.4,37.4,27.9,,80,,ShepSt00
204,Equanimeous St. Brown,CHI,WR,26,6,6,0,0,0,0,0,3,44,14.67,0,13,6,110,18.33,1,1,0,1,,,21,27.4,30.4,24.4,,81,,St.BEq00
205,Elijah Moore,NYJ,WR,22,6,6,0,0,0,0,0,2,-4,-2,0,29,16,203,12.69,0,0,0,0,,,20,35.9,38.9,27.9,,82,,MoorEl00
206,Tevin Coleman,SFO,RB,29,3,0,0,0,0,0,0,12,26,2.17,1,3,3,44,14.67,1,0,0,2,,,19,22,22,20.5,,60,,ColeTe01
207,O.J. Howard,HOU,TE,28,5,4,0,0,0,0,0,0,0,,0,10,5,72,14.4,2,0,0,2,,,19,24.2,24.2,21.7,,27,,HowaO.00
208,Kyle Juszczyk,SFO,RB,31,6,5,0,0,0,0,0,3,10,3.33,1,11,8,119,14.88,0,0,0,1,,,19,26.9,29.9,22.9,,61,,JuszKy00
209,Jarvis Landry,NOR,WR,30,4,1,0,0,0,0,0,0,0,,0,21,15,168,11.2,0,0,0,0,1,,19,33.8,36.8,26.3,,83,,LandJa00
210,Latavius Murray,2TM,RB,32,2,0,0,0,0,0,0,26,123,4.73,1,2,2,6,3,0,0,0,1,,,19,20.9,23.9,19.9,,62,,MurrLa00
211,Colby Parkinson,SEA,TE,23,6,0,0,0,0,0,0,0,0,,0,9,8,126,15.75,1,0,0,1,,,19,26.6,29.6,22.6,,28,,ParkCo02
212,Marquez Callaway,NOR,WR,24,7,3,0,0,0,0,0,0,0,,0,23,11,118,10.73,1,0,0,1,,,18,28.8,31.8,23.3,,85,,CallMa01
213,Richie James,NYG,WR,27,6,1,0,0,0,0,0,2,6,3,0,24,19,189,9.95,0,1,1,0,,,18,36.5,40.5,27,,86,,JameRi00
214,Craig Reynolds,DET,RB,26,5,0,0,0,0,0,0,17,83,4.88,0,6,6,98,16.33,0,0,0,0,,,18,24.1,24.1,21.1,,64,,ReynCr00
215,Tyquan Thornton,NWE,WR,22,2,0,0,0,0,0,0,3,16,5.33,1,8,6,44,7.33,1,0,0,2,,,18,24,24,21,,84,,ThorTy00
216,Rachaad White,TAM,RB,23,6,0,0,0,0,0,0,20,47,2.35,1,17,13,96,7.38,0,1,1,1,,,18,31.3,32.3,24.8,,63,,WhitRa01
217,Kendrick Bourne,NWE,WR,27,6,1,0,0,0,0,0,2,14,7,0,14,11,156,14.18,0,1,0,0,,,17,28,31,22.5,,89,,BourKe00
218,James Cook,BUF,RB,23,6,0,0,0,0,0,0,19,97,5.11,1,7,4,37,9.25,0,1,1,1,,,17,21.4,22.4,19.4,,65,,CookJa01
219,Ashton Dulin,IND,WR,25,5,1,0,0,0,0,0,1,3,3,0,18,12,168,14,0,0,0,0,,,17,29.1,32.1,23.1,,88,,DuliAs00
220,Khalil Shakir,BUF,WR,22,4,1,0,0,0,0,0,0,0,,0,11,6,112,18.67,1,0,0,1,,,17,23.2,26.2,20.2,,87,,ShakKh00
221,Logan Thomas,WAS,TE,31,4,4,0,0,0,0,0,0,0,,0,20,13,106,8.15,1,0,0,1,,,17,29.6,32.6,23.1,,29,,ThomLo00
222,DJ Chark,DET,WR,26,3,3,0,0,0,0,0,0,0,,0,18,7,98,14,1,0,0,1,,,16,22.8,22.8,19.3,,90,,CharDJ00
223,Kylen Granson,IND,TE,24,6,3,0,0,0,0,0,0,0,,0,22,16,159,9.94,0,1,0,0,,,16,31.9,34.9,23.9,,31,,GranKy00
224,Jauan Jennings,SFO,WR,25,6,1,0,0,0,0,0,0,0,,0,20,12,156,13,0,0,0,0,,,16,27.6,30.6,21.6,,91,,JennJa00
225,George Kittle,SFO,TE,29,4,4,0,0,0,0,0,0,0,,0,25,19,182,9.58,0,1,1,0,,,16,35.2,39.2,25.7,,30,,KittGe00
226,Darrel Williams,ARI,RB,27,5,0,0,0,0,0,0,16,94,5.88,1,5,2,3,1.5,0,0,0,1,,,16,17.7,17.7,16.7,,66,,WillDa10
227,Jordan Akins,HOU,TE,30,3,0,0,0,0,0,0,0,0,,0,8,7,86,12.29,1,0,0,1,,,15,21.6,21.6,18.1,,32,,AkinJo00
228,Michael Gallup,DAL,WR,26,3,2,0,0,0,0,0,0,0,,0,15,8,86,10.75,1,0,0,1,,,15,22.6,22.6,18.6,,95,,GallMi00
229,Jamycal Hasty,JAX,RB,26,6,0,0,0,0,0,0,4,63,15.75,1,3,2,22,11,0,0,0,1,,,15,16.5,16.5,15.5,,67,,HastJa02
230,KhaDarel Hodge,ATL,WR,27,6,1,0,0,0,0,0,0,0,,0,12,8,128,16,0,0,0,0,1,,15,22.8,25.8,18.8,,93,,HodgKh00
231,Rondale Moore,ARI,WR,22,4,4,0,0,0,0,0,3,-11,-3.67,0,25,17,159,9.35,0,0,0,0,,,15,31.8,34.8,23.3,,94,,MoorRo02
232,Laviska Shenault Jr.,CAR,WR,24,2,0,0,0,0,0,0,1,0,0,0,2,2,90,45,1,0,0,1,,,15,17,17,16,,92,,ShenLa00
233,Adam Trautman,NOR,TE,25,6,6,0,0,0,0,0,0,0,,0,8,7,86,12.29,1,0,0,1,,,15,21.6,21.6,18.1,,33,,TrauAd00
234,Quez Watkins,PHI,WR,24,6,2,0,0,0,0,0,1,-3,-3,0,9,6,88,14.67,1,0,0,1,,,15,20.5,20.5,17.5,,96,,WatkQu00
235,Brandon Bolden,LVR,RB,32,4,0,0,0,0,0,0,7,29,4.14,0,8,8,53,6.63,1,0,0,1,,,14,22.2,22.2,18.2,,69,,BoldBr00
236,Treylon Burks,TEN,WR,22,4,2,0,0,0,0,0,2,12,6,0,16,10,129,12.9,0,0,0,0,,,14,24.1,27.1,19.1,,97,,BurkTr00
237,Justice Hill,BAL,RB,25,4,0,0,0,0,0,0,19,125,6.58,0,4,4,19,4.75,0,0,0,0,,,14,18.4,21.4,16.4,,68,,HillJu00
238,Brian Robinson Jr.,WAS,RB,23,2,1,0,0,0,0,0,26,82,3.15,1,0,0,0,,0,0,0,1,,,14,14.2,14.2,14.2,,70,,RobiBr01
239,Demarcus Robinson,BAL,WR,28,6,1,0,0,0,0,0,0,0,,0,17,9,76,8.44,1,0,0,1,,,14,22.6,22.6,18.1,,99,,RobiDe01
240,Eric Saubert,DEN,TE,28,6,2,0,0,0,0,0,0,0,,0,13,7,83,11.86,1,0,0,1,,,14,21.3,21.3,17.8,,34,,SaubEr00
241,Jaylen Warren,PIT,RB,24,6,0,0,0,0,0,0,21,96,4.57,0,9,7,46,6.57,0,1,0,0,,,14,21.2,21.2,17.7,,71,,WarrJa01
242,Nick Westbrook-Ikhine,TEN,WR,25,5,4,0,0,0,0,0,0,0,,0,12,7,138,19.71,0,0,0,0,,,14,20.8,23.8,17.3,,98,,WestNi00
243,River Cracraft,MIA,WR,28,6,0,0,0,0,0,0,0,0,,0,6,2,13,6.5,2,0,0,2,,,13,15.3,15.3,14.3,,100,,CracRi00
244,Jody Fortson,KAN,TE,27,6,0,0,0,0,0,0,0,0,,0,3,2,11,5.5,2,0,0,2,,,13,15.1,15.1,14.1,,35,,FortJo01
245,Noah Gray,KAN,TE,23,6,1,0,0,0,0,0,1,1,1,1,13,8,68,8.5,0,0,0,1,,,13,20.9,20.9,16.9,,36,,GrayNo00
246,Nyheim Hines,IND,RB,26,5,4,0,0,0,0,0,9,14,1.56,0,21,18,118,6.56,0,1,0,0,,,13,31.2,34.2,22.2,,72,,HineNy00
247,Zander Horvath,LAC,RB,24,6,1,0,0,0,0,0,3,5,1.67,0,7,4,7,1.75,2,0,0,2,,,13,17.2,17.2,15.2,,73,,HorvZa00
248,Sony Michel,LAC,RB,27,6,0,0,0,0,0,0,31,86,2.77,0,9,8,45,5.63,0,0,0,0,,,13,21.1,21.1,17.1,,74,,MichSo00
249,Christian Watson,GNB,WR,23,4,1,0,0,0,0,0,3,19,6.33,1,11,7,52,7.43,0,0,0,1,,,13,20.1,20.1,16.6,,101,,WatsCh00
250,Mike Boone,DEN,RB,27,6,0,0,0,0,0,0,11,59,5.36,0,12,6,61,10.17,0,0,0,0,,,12,18,18,15,,75,,BoonMi00
251,Jake Ferguson,DAL,TE,23,6,4,0,0,0,0,0,0,0,,0,10,7,60,8.57,1,0,0,1,,,12,19,19,15.5,,37,,FergJa00
252,Reggie Gilliam,BUF,RB,25,6,1,0,0,0,0,0,0,0,,0,9,7,57,8.14,1,0,0,1,,,12,18.7,18.7,15.2,,76,,GillRe00
253,Cole Kmet,CHI,TE,23,6,6,0,0,0,0,0,0,0,,0,15,10,116,11.6,0,0,0,0,,,12,21.6,24.6,16.6,,39,,KmetCo00
254,Trey Lance,SFO,QB,22,2,2,15,31,194,0,1,16,67,4.19,0,0,0,0,,0,1,0,0,,,12,12.5,13.5,13.5,,38,,LancTr00
255,Breshad Perriman,TAM,WR,29,4,2,0,0,0,0,0,2,-7,-3.5,0,13,6,89,14.83,1,2,1,1,,,12,18.2,19.2,15.2,,102,,PerrBr02
256,Jonnu Smith,NWE,TE,27,5,3,0,0,0,0,0,0,0,,0,13,9,119,13.22,0,0,0,0,,,12,20.9,23.9,16.4,,38,,SmitJo01
257,Ian Thomas,CAR,TE,26,6,6,0,0,0,0,0,0,0,,0,16,10,115,11.5,0,0,0,0,,,12,21.5,24.5,16.5,,40,,ThomIa00
258,Justin Watson,KAN,WR,26,6,0,0,0,0,0,0,0,0,,0,7,3,60,20,1,0,0,1,,,12,15,15,13.5,,103,,WatsJu01
259,Cameron Brate,TAM,TE,31,5,1,0,0,0,0,0,0,0,,0,22,13,114,8.77,0,0,0,0,,,11,24.4,27.4,17.9,,41,,BratCa00
260,Ross Dwelley,SFO,TE,27,6,0,0,0,0,0,0,0,0,,0,4,2,49,24.5,1,0,0,1,,,11,12.9,12.9,11.9,,43,,DwelRo00
261,KJ Hamler,DEN,WR,23,5,0,0,0,0,0,0,0,0,,0,7,4,109,27.25,0,0,0,0,,,11,14.9,17.9,12.9,,105,,HamlKJ00
262,Chris Moore,HOU,WR,29,4,1,0,0,0,0,0,0,0,,0,12,8,108,13.5,0,0,0,0,,,11,18.8,21.8,14.8,,106,,MoorCh00
263,Chigoziem Okonkwo,TEN,TE,23,5,1,0,0,0,0,0,1,-4,-4,0,5,4,49,12.25,1,0,0,1,,,11,14.5,14.5,12.5,,44,,OkonCh00
264,Boston Scott,PHI,RB,27,4,0,0,0,0,0,0,16,45,2.81,1,1,1,2,2,0,0,0,1,,,11,11.7,11.7,11.2,,77,,ScotBo02
265,Darius Slayton,NYG,WR,25,5,1,0,0,0,0,0,0,0,,0,12,8,108,13.5,0,0,0,0,,,11,18.8,21.8,14.8,,107,,SlayDa01
266,Shi Smith,CAR,WR,24,6,4,0,0,0,0,0,0,0,,0,20,8,105,13.13,0,1,0,0,,,11,18.5,21.5,14.5,,108,,SmitSh03
267,Durham Smythe,MIA,TE,27,5,5,0,0,0,0,0,1,1,1,1,7,6,50,8.33,0,0,0,1,,,11,17.1,17.1,14.1,,42,,SmytDu00
268,Sammy Watkins,GNB,WR,29,2,2,0,0,0,0,0,0,0,,0,7,6,111,18.5,0,0,0,0,,,11,17.1,20.1,14.1,,104,,WatkSa00
269,Harrison Bryant,CLE,TE,24,6,4,0,0,0,0,0,0,0,,0,19,12,99,8.25,0,0,0,0,,,10,21.9,21.9,15.9,,47,,BryaHa00
270,Greg Dulcich,DEN,TE,22,1,0,0,0,0,0,0,0,0,,0,3,2,44,22,1,0,0,1,,,10,12.4,12.4,11.4,,45,,DulcGr00
271,DeAndre Hopkins,ARI,WR,30,1,1,0,0,0,0,0,0,0,,0,14,10,103,10.3,0,1,0,0,,,10,20.3,23.3,15.3,,109,,HopkDe00
272,Keaontay Ingram,ARI,RB,23,2,0,0,0,0,0,0,12,21,1.75,1,2,2,23,11.5,0,0,0,1,,,10,12.4,12.4,11.4,,78,,IngrKe01
273,Zack Moss,BUF,RB,25,5,0,0,0,0,0,0,17,91,5.35,0,8,7,27,3.86,0,1,1,0,,,10,16.8,17.8,13.3,,79,,MossZa00
274,Cade Otton,TAM,TE,23,5,4,0,0,0,0,0,0,0,,0,16,12,99,8.25,0,0,0,0,,,10,21.9,21.9,15.9,,48,,OttoCa00
275,Wan'Dale Robinson,NYG,WR,21,2,0,0,0,0,0,0,0,0,,0,5,4,42,10.5,1,0,0,1,,,10,14.2,14.2,12.2,,110,,RobiWa01
276,Geoff Swaim,TEN,TE,29,5,5,0,0,0,0,0,0,0,,0,8,7,43,6.14,1,0,0,1,,,10,17.3,17.3,13.8,,46,,SwaiGe00
277,Pharaoh Brown,2TM,TE,28,5,5,0,0,0,0,0,0,0,,0,13,9,93,10.33,0,0,0,0,,,9,18.3,18.3,13.8,,49,,BrowPh01
278,Zach Gentry,PIT,TE,26,6,4,0,0,0,0,0,0,0,,0,10,9,89,9.89,0,0,0,0,,,9,17.9,17.9,13.4,,50,,GentZa00
279,Kendall Hinton,DEN,WR,25,4,2,0,0,0,0,0,0,0,,0,6,5,94,18.8,0,0,0,0,,,9,14.4,14.4,11.9,,111,,HintKe00
280,Julio Jones,TAM,WR,33,2,1,0,0,0,0,0,2,17,8.5,0,7,4,76,19,0,0,0,0,,,9,13.3,13.3,11.3,,112,,JoneJu02
281,Isaiah Likely,BAL,TE,22,6,0,0,0,0,0,0,0,0,,0,17,9,88,9.78,0,0,0,0,,,9,17.8,17.8,13.3,,52,,LikeIs00
282,Phillip Lindsay,IND,RB,28,2,0,0,0,0,0,0,14,47,3.36,0,7,6,19,3.17,0,0,0,0,1,,9,14.6,14.6,11.6,,80,,LindPh00
283,Josh Oliver,BAL,TE,25,6,2,0,0,0,0,0,0,0,,0,6,4,29,7.25,1,0,0,1,,,9,12.9,12.9,10.9,,51,,OlivJo00
284,Jalen Reagor,MIN,WR,23,6,0,0,0,0,0,0,1,17,17,0,5,3,10,3.33,1,2,0,1,,,9,11.7,11.7,10.2,,114,,ReagJa00
285,Hunter Renfrow,LVR,WR,27,3,1,0,0,0,0,0,0,0,,0,20,14,105,7.5,0,3,1,0,,,9,22.5,26.5,15.5,,115,,RenfHu00
286,Trent Sherfield,MIA,WR,26,6,0,0,0,0,0,0,0,0,,0,17,10,88,8.8,0,0,0,0,,,9,18.8,18.8,13.8,,113,,SherTr00
287,Matt Breida,NYG,RB,27,6,0,0,0,0,0,0,17,49,2.88,0,5,4,30,7.5,0,0,0,0,,,8,11.9,11.9,9.9,,82,,BreiMa00
288,Gary Brightwell,NYG,RB,23,6,0,0,0,0,0,0,4,19,4.75,1,0,0,0,,0,0,0,1,,,8,7.9,7.9,7.9,,83,,BrigGa00
289,Marquise Goodwin,SEA,WR,32,5,0,0,0,0,0,0,0,0,,0,10,6,79,13.17,0,0,0,0,,,8,13.9,13.9,10.9,,119,,GoodMa00
290,A.J. Green,ARI,WR,34,5,3,0,0,0,0,0,0,0,,0,22,10,56,5.6,0,0,0,0,1,,8,17.6,17.6,12.6,,120,,GreeA.00
291,Justin Jackson,DET,RB,26,5,0,0,0,0,0,0,5,17,3.4,0,3,2,4,2,1,0,0,1,,,8,10.1,10.1,9.1,,81,,JackJu01
292,Scott Miller,TAM,WR,25,4,1,0,0,0,0,0,1,8,8,0,20,8,73,9.13,0,0,0,0,,,8,16.1,16.1,12.1,,117,,MillSc01
293,Skyy Moore,KAN,WR,22,6,2,0,0,0,0,0,0,0,,0,11,6,100,16.67,0,1,1,0,,,8,14,18,11,,118,,MoorSk01
294,Johnny Mundt,MIN,TE,28,6,5,0,0,0,0,0,0,0,,0,13,11,75,6.82,0,0,0,0,,,8,18.5,18.5,13,,53,,MundJo00
295,David Sills,NYG,WR,26,6,5,0,0,0,0,0,0,0,,0,14,9,82,9.11,0,0,0,0,,,8,17.2,17.2,12.7,,116,,SillDa01
296,Keenan Allen,LAC,WR,30,1,1,0,0,0,0,0,0,0,,0,4,4,66,16.5,0,0,0,0,,,7,10.6,10.6,8.6,,124,,AlleKe00
297,John Bates,WAS,TE,25,5,3,0,0,0,0,0,0,0,,0,14,9,73,8.11,0,1,0,0,,,7,16.3,16.3,11.8,,55,,BateJo00
298,David Bell,CLE,WR,22,6,1,0,0,0,0,0,0,0,,0,8,6,66,11,0,0,0,0,,,7,12.6,12.6,9.6,,125,,BellDa02
299,Peyton Hendershot,DAL,TE,23,6,1,0,0,0,0,0,0,0,,0,8,5,65,13,0,0,0,0,,,7,11.5,11.5,9,,57,,HendPe01
300,Ty Montgomery,NWE,WR,29,1,0,0,0,0,0,0,2,-2,-1,0,4,3,15,5,1,0,0,1,,,7,10.3,10.3,8.8,,121,,MontTy01
301,Foster Moreau,LVR,TE,25,3,2,0,0,0,0,0,0,0,,0,8,6,74,12.33,0,0,0,0,,,7,13.4,13.4,10.4,,54,,MoreFo00
302,Chris Myarick,NYG,TE,27,6,5,0,0,0,0,0,0,0,,0,3,3,11,3.67,1,0,0,1,,,7,10.1,10.1,8.6,,56,,MyarCh00
303,Brandon Powell,LAR,WR,27,6,1,0,0,0,0,0,7,2,0.29,0,10,9,70,7.78,0,0,0,0,,,7,16.2,16.2,11.7,,122,,PoweBr00
304,Kalif Raymond,DET,WR,28,5,0,0,0,0,0,0,1,3,3,0,15,9,87,9.67,0,1,1,0,,,7,16,17,11.5,,123,,RaymKa00
305,Skylar Thompson,MIA,QB,25,2,1,26,46,255,0,1,1,9,9,0,0,0,0,,0,1,1,0,,,7,7.1,9.1,8.1,,39,,ThomSk00
306,Tutu Atwell,LAR,WR,23,5,0,0,0,0,0,0,1,9,9,0,4,1,54,54,0,0,0,0,,,6,7.3,7.3,6.8,,129,,AtweTu00
307,Andrew Beck,DEN,TE,26,6,3,0,0,0,0,0,1,-1,-1,0,5,3,59,19.67,0,0,0,0,,,6,8.8,8.8,7.3,,62,,BeckAn01
308,Jamison Crowder,BUF,WR,29,4,0,0,0,0,0,0,0,0,,0,13,6,60,10,0,1,0,0,,,6,12,12,9,,131,,CrowJa00
309,Josiah Deguara,GNB,TE,25,6,0,0,0,0,0,0,0,0,,0,6,5,56,11.2,0,0,0,0,,,6,10.6,10.6,8.1,,63,,DeguJo00
310,D'Wayne Eskridge,SEA,WR,25,6,0,0,0,0,0,0,1,6,6,0,8,6,55,9.17,0,0,0,0,,,6,12.1,12.1,9.1,,130,,EskrDW00
311,Jalen Guyton,LAC,WR,25,3,0,0,0,0,0,0,0,0,,0,4,2,64,32,0,0,0,0,,,6,8.4,8.4,7.4,,126,,GuytJa01
312,Connor Heyward,PIT,TE,23,6,0,0,0,0,0,0,0,0,,0,5,4,61,15.25,0,0,0,0,,,6,10.1,10.1,8.1,,60,,HeywCo00
313,Austin Hooper,TEN,TE,28,5,0,0,0,0,0,0,0,0,,0,11,6,55,9.17,0,0,0,0,,,6,11.5,11.5,8.5,,64,,HoopAu00
314,Marcus Johnson,NYG,WR,28,3,2,0,0,0,0,0,0,0,,0,7,5,60,12,0,0,0,0,,,6,11,11,8.5,,132,,JohnMa07
315,Jake Kumerow,BUF,WR,30,3,1,0,0,0,0,0,0,0,,0,5,4,64,16,0,0,0,0,,,6,10.4,10.4,8.4,,127,,KumeJa00
316,Marcedes Lewis,GNB,TE,38,6,6,0,0,0,0,0,0,0,,0,1,1,2,2,1,0,0,1,,,6,7.2,7.2,6.7,,58,,LewiMa00
317,MyCole Pruitt,ATL,TE,30,2,0,0,0,0,0,0,0,0,,0,1,1,2,2,1,0,0,1,,,6,7.2,7.2,6.7,,59,,PruiMy00
318,Giovanni Ricci,CAR,RB,26,6,2,0,0,0,0,0,0,0,,0,6,5,58,11.6,0,0,0,0,,,6,10.8,10.8,8.3,,84,,RiccGi00
319,Dalton Schultz,DAL,TE,26,4,4,0,0,0,0,0,0,0,,0,17,9,80,8.89,0,1,1,0,,,6,15,16,10.5,,61,,SchuDa00
320,Mike Strachan,IND,WR,25,6,0,0,0,0,0,0,0,0,,0,8,3,59,19.67,0,0,0,0,,,6,8.9,8.9,7.4,,133,,StraMi03
321,Mike Thomas,CIN,WR,28,6,1,0,0,0,0,0,0,0,,0,8,2,38,19,0,0,0,0,1,,6,7.8,7.8,6.8,,134,,ThomMi04
322,Kevin White,NOR,WR,30,2,0,0,0,0,0,0,0,0,,0,2,1,64,64,0,0,0,0,,,6,7.4,7.4,6.9,,128,,WhitKe00
323,Dan Arnold,JAX,TE,27,6,0,0,0,0,0,0,0,0,,0,4,3,54,18,0,0,0,0,,,5,8.4,8.4,6.9,,65,,ArnoDa00
324,Michael Bandy,LAC,WR,25,3,0,0,0,0,0,0,0,0,,0,4,3,53,17.67,0,0,0,0,,,5,8.3,8.3,6.8,,136,,BandMi00
325,Travis Homer,SEA,RB,24,3,0,0,0,0,0,0,4,18,4.5,0,4,4,33,8.25,0,0,0,0,,,5,9.1,9.1,7.1,,86,,HomeTr00
326,Velus Jones Jr.,CHI,WR,25,3,0,0,0,0,0,0,1,8,8,0,2,2,19,9.5,1,2,2,1,,,5,6.7,8.7,5.7,,139,,JoneVe00
327,Tom Kennedy,DET,WR,26,2,1,0,0,0,0,0,0,0,,0,5,3,54,18,0,0,0,0,,,5,8.4,8.4,6.9,,135,,KennTo01
328,Ray-Ray McCloud,SFO,WR,26,6,1,0,0,0,0,0,0,0,,0,9,4,53,13.25,0,2,0,0,,,5,9.3,9.3,7.3,,137,,McClRa00
329,Quintin Morris,BUF,TE,23,5,1,0,0,0,0,0,0,0,,0,9,6,67,11.17,0,1,1,0,,,5,10.7,11.7,7.7,,68,,MorrQu00
330,Albert Okwuegbunam,DEN,TE,24,5,0,0,0,0,0,0,0,0,,0,11,7,50,7.14,0,0,0,0,,,5,12,12,8.5,,67,,OkwuAl00
331,Donald Parham,LAC,TE,25,2,0,0,0,0,0,0,0,0,,0,4,3,53,17.67,0,0,0,0,,,5,8.3,8.3,6.8,,66,,ParhDo00
332,P.J. Walker,CAR,QB,27,2,1,15,22,120,0,0,1,-1,-1,0,0,0,0,,0,0,0,0,,,5,4.7,4.7,4.7,,40,,WalkPh00
333,Jonathan Williams,WAS,RB,28,5,0,0,0,0,0,0,6,54,9,0,0,0,0,,0,0,0,0,,,5,5.4,5.4,5.4,,85,,WillJo07
334,Cedrick Wilson Jr.,MIA,WR,27,5,0,0,0,0,0,0,1,8,8,0,7,4,40,10,0,0,0,0,,,5,8.8,8.8,6.8,,138,,WilsCe01
335,Kendall Blanton,LAR,TE,27,4,0,0,0,0,0,0,0,0,,0,2,2,35,17.5,0,0,0,0,,,4,5.5,5.5,4.5,,74,,BlanKe01
336,Grant Calcaterra,PHI,TE,24,4,1,0,0,0,0,0,0,0,,0,1,1,40,40,0,0,0,0,,,4,5,5,4.5,,71,,CalcGr00
337,Anthony Firkser,ATL,TE,27,5,1,0,0,0,0,0,0,0,,0,4,3,39,13,0,0,0,0,,,4,6.9,6.9,5.4,,73,,FirkAn00
338,D'Onta Foreman,CAR,RB,26,6,0,0,0,0,0,0,12,37,3.08,0,0,0,0,,0,0,0,0,,,4,3.7,3.7,3.7,,90,,ForeDO00
339,Hassan Haskins,TEN,RB,23,5,0,0,0,0,0,0,9,37,4.11,0,1,1,0,0,0,0,0,0,,,4,4.7,4.7,4.2,,91,,HaskHa00
340,Parker Hesse,ATL,TE,27,6,3,0,0,0,0,0,0,0,,0,5,4,41,10.25,0,0,0,0,,,4,8.1,8.1,6.1,,70,,HessPa00
341,Isaiah Hodgins,BUF,WR,24,2,0,0,0,0,0,0,0,0,,0,6,4,41,10.25,0,0,0,0,,,4,8.1,8.1,6.1,,140,,HodgIs00
342,Tanner Hudson,NYG,TE,28,6,0,0,0,0,0,0,0,0,,0,5,3,40,13.33,0,0,0,0,,,4,7,7,5.5,,72,,HudsTa00
343,Alec Ingold,MIA,RB,26,6,6,0,0,0,0,0,4,5,1.25,0,7,5,33,6.6,0,0,0,0,,,4,8.8,8.8,6.3,,89,,IngoAl01
344,Elijah Mitchell,SFO,RB,24,1,1,0,0,0,0,0,6,41,6.83,0,0,0,0,,0,0,0,0,,,4,4.1,4.1,4.1,,88,,MitcEl00
345,Zach Pascal,PHI,WR,28,6,0,0,0,0,0,0,1,0,0,0,7,6,39,6.5,0,0,0,0,,,4,9.9,9.9,6.9,,141,,PascZa00
346,Kyle Philips,TEN,WR,23,4,0,0,0,0,0,0,0,0,,0,13,8,78,9.75,0,2,2,0,,,4,11.8,13.8,7.8,,143,,PhilKy01
347,Dak Prescott,DAL,QB,29,1,1,14,29,134,0,1,2,11,5.5,0,0,0,0,,0,0,0,0,,,4,4.5,5.5,5.5,,41,,PresDa01
348,Patrick Ricard,BAL,RB,28,6,6,0,0,0,0,0,2,8,4,0,6,5,36,7.2,0,0,0,0,,,4,9.4,9.4,6.9,,87,,RicaPa00
349,Anthony Schwartz,CLE,WR,22,6,0,0,0,0,0,0,2,20,10,0,6,1,19,19,0,0,0,0,,,4,4.9,4.9,4.4,,142,,SchwAn00
350,Tommy Tremble,CAR,TE,22,6,1,0,0,0,0,0,0,0,,0,9,5,42,8.4,0,0,0,0,,,4,9.2,9.2,6.7,,69,,TremTo00
351,Andre Baccellia,ARI,WR,25,5,0,0,0,0,0,0,0,0,,0,6,4,25,6.25,0,0,0,0,,,3,6.5,6.5,4.5,,149,,BaccAn00
352,Malcolm Brown,LAR,RB,29,3,0,0,0,0,0,0,7,15,2.14,0,1,1,13,13,0,0,0,0,,,3,3.8,3.8,3.3,,96,,BrowMa03
353,Tyrie Cleveland,DEN,WR,25,4,0,0,0,0,0,0,0,0,,0,4,2,28,14,0,0,0,0,,,3,4.8,4.8,3.8,,146,,ClevTy00
354,DeeJay Dallas,SEA,RB,24,6,0,0,1,0,0,1,6,26,4.33,0,3,3,23,7.67,0,0,0,0,,,3,5.9,6.9,5.4,,95,,DallDe00
355,Jaelon Darden,TAM,WR,23,6,0,0,0,0,0,0,1,2,2,0,1,1,25,25,0,0,0,0,,,3,3.7,3.7,3.2,,148,,DardJa00
356,Tyler Davis,GNB,TE,25,6,1,0,0,0,0,0,0,0,,0,6,4,26,6.5,0,0,0,0,,,3,6.6,6.6,4.6,,78,,DaviTy02
357,Tyrion Davis-Price,SFO,RB,22,2,0,0,0,0,0,0,14,33,2.36,0,0,0,0,,0,0,0,0,,,3,3.3,3.3,3.3,,92,,DaviTy03
358,Trestan Ebner,CHI,RB,23,6,0,0,0,0,0,0,13,43,3.31,0,4,2,8,4,0,2,1,0,,,3,5.1,6.1,4.1,,94,,EbneTr00
359,Ben Ellefson,MIN,TE,26,4,1,0,0,0,0,0,0,0,,0,3,3,26,8.67,0,0,0,0,,,3,5.6,5.6,4.1,,79,,ElleBe00
360,Myles Gaskin,MIA,RB,25,2,0,0,0,0,0,0,4,9,2.25,0,5,3,24,8,0,0,0,0,,,3,6.3,6.3,4.8,,93,,GaskMy00
361,Jordan Love,GNB,QB,24,2,0,6,9,73,0,0,0,0,,0,0,0,0,,0,0,0,0,,,3,2.9,2.9,2.9,,42,,LoveJo03
362,Terrace Marshall Jr.,CAR,WR,22,3,0,0,0,0,0,0,0,0,,0,5,4,30,7.5,0,0,0,0,,,3,7,7,5,,145,,MarsTe00
363,Tre' McKitty,LAC,TE,23,6,2,0,0,0,0,0,0,0,,0,7,4,28,7,0,1,0,0,,,3,6.8,6.8,4.8,,77,,McKiTr00
364,Byron Pringle,CHI,WR,29,3,1,0,0,0,0,0,0,0,,0,3,2,33,16.5,0,0,0,0,,,3,5.3,5.3,4.3,,144,,PrinBy00
365,Jeff Smith,NYJ,WR,25,6,0,0,0,0,0,0,0,0,,0,3,2,28,14,0,0,0,0,,,3,4.8,4.8,3.8,,147,,SmitJe03
366,Jack Stoll,PHI,TE,24,6,4,0,0,0,0,0,0,0,,0,3,2,25,12.5,0,0,0,0,,,3,4.5,4.5,3.5,,80,,StolJa00
367,C.J. Uzomah,NYJ,TE,29,5,4,0,0,0,0,0,0,0,,0,5,5,34,6.8,0,0,0,0,,,3,8.4,8.4,5.9,,75,,UzomC.00
368,Mitchell Wilcox,CIN,TE,26,6,0,0,0,0,0,0,0,0,,0,3,3,30,10,0,0,0,0,,,3,6,6,4.5,,76,,WilcMi01
369,Brock Wright,DET,TE,24,5,1,0,0,0,0,0,0,0,,0,1,1,25,25,0,0,0,0,,,3,3.5,3.5,3,,81,,WrigBr01
370,Ameer Abdullah,LVR,RB,29,5,0,0,0,0,0,0,0,0,,0,2,1,23,23,0,0,0,0,,,2,3.3,3.3,2.8,,98,,AbduAm00
371,Cole Beasley,TAM,WR,33,2,0,0,0,0,0,0,0,0,,0,5,4,17,4.25,0,0,0,0,,,2,5.7,5.7,3.7,,161,,BeasCo00
372,Quintez Cephus,DET,WR,24,4,1,0,0,0,0,0,0,0,,0,3,2,15,7.5,0,0,0,0,,,2,3.5,3.5,2.5,,164,,CephQu00
373,Mike Davis,BAL,RB,29,6,0,0,0,0,0,0,8,18,2.25,0,0,0,0,,0,1,0,0,,,2,1.8,1.8,1.8,,102,,DaviMi01
374,Phillip Dorsett,HOU,WR,29,4,0,0,0,0,0,0,0,0,,0,4,1,15,15,0,0,0,0,,,2,2.5,2.5,2,,165,,DorsPh00
375,Jeff Driskel,HOU,TE,29,2,0,0,0,0,0,0,2,15,7.5,0,0,0,0,,0,0,0,0,,,2,1.5,1.5,1.5,,90,,DrisJe00
376,Simi Fehoko,DAL,WR,25,5,0,0,0,0,0,0,0,0,,0,4,3,24,8,0,0,0,0,,,2,5.4,5.4,3.9,,150,,FehoSi00
377,Kenny Golladay,NYG,WR,29,4,2,0,0,0,0,0,0,0,,0,6,2,22,11,0,0,0,0,,,2,4.2,4.2,3.2,,154,,GollKe00
378,Ryan Griffin,CHI,TE,32,4,0,0,0,0,0,0,0,0,,0,5,2,19,9.5,0,0,0,0,,,2,3.9,3.9,2.9,,86,,GrifRy00
379,C.J. Ham,MIN,RB,29,6,1,0,0,0,0,0,1,3,3,0,5,3,21,7,0,0,0,0,,,2,5.4,5.4,3.9,,97,,HamxC.00
380,Penny Hart,SEA,WR,26,5,0,0,0,0,0,0,0,0,,0,1,1,15,15,0,0,0,0,,,2,2.5,2.5,2,,166,,HartPe01
381,Cody Hollister,TEN,WR,29,5,1,0,0,0,0,0,0,0,,0,1,1,22,22,0,0,0,0,,,2,3.2,3.2,2.7,,155,,HollCo00
382,Jesper Horsted,LVR,TE,25,5,0,0,0,0,0,0,0,0,,0,3,3,19,6.33,0,0,0,0,,,2,4.9,4.9,3.4,,87,,HorsJe00
383,Dennis Houston,DAL,WR,23,2,0,0,0,0,0,0,0,0,,0,6,2,16,8,0,0,0,0,,,2,3.6,3.6,2.6,,163,,HousDe01
384,Chuba Hubbard,CAR,RB,23,6,0,0,0,0,0,0,6,34,5.67,0,1,1,1,1,0,1,1,0,,,2,2.5,3.5,2,,104,,HubbCh01
385,Lil'Jordan Humphrey,NWE,WR,24,6,2,0,0,0,0,0,0,0,,0,4,2,20,10,0,0,0,0,,,2,4,4,3,,158,,HumpLi01
386,Andy Isabella,ARI,WR,26,3,0,0,0,0,0,0,0,0,,0,5,2,21,10.5,0,0,0,0,,,2,4.1,4.1,3.1,,156,,IsabAn00
387,Tim Jones,JAX,WR,24,6,1,0,0,0,0,0,0,0,,0,2,1,20,20,0,0,0,0,,,2,3,3,2.5,,159,,JoneTi00
388,Tony Jones,2TM,RB,25,3,0,0,0,0,0,0,2,8,4,0,2,2,12,6,0,0,0,0,,,2,4,4,3,,99,,JoneTo04
389,Ko Kieft,TAM,TE,24,6,3,0,0,0,0,0,0,0,,0,1,1,19,19,0,0,0,0,,,2,2.9,2.9,2.4,,88,,KiefKo00
390,Keith Kirkwood,NOR,WR,28,2,1,0,0,0,0,0,0,0,,0,2,2,18,9,0,0,0,0,,,2,3.8,3.8,2.8,,160,,KirkKe00
391,Chris Manhertz,JAX,TE,30,6,4,0,0,0,0,0,0,0,,0,3,3,15,5,0,0,0,0,,,2,4.5,4.5,3,,91,,ManhCh00
392,Trey McBride,ARI,TE,23,6,5,0,0,0,0,0,0,0,,0,3,3,24,8,0,0,0,0,,,2,5.4,5.4,3.9,,82,,McBrTr01
393,Trace McSorley,ARI,QB,27,1,0,2,4,12,0,0,3,20,6.67,0,0,0,0,,0,0,0,0,,,2,2.5,2.5,2.5,,43,,McSoTr00
394,Dax Milne,WAS,WR,23,6,0,0,0,0,0,0,0,0,,0,4,3,23,7.67,0,0,0,0,,,2,5.3,5.3,3.8,,152,,MilnDa00
395,Dezmon Patmon,IND,WR,24,1,0,0,0,0,0,0,0,0,,0,6,2,24,12,0,0,0,0,,,2,4.4,4.4,3.4,,151,,PatmDe00
396,Armani Rogers,WAS,TE,25,6,1,0,0,0,0,0,0,0,,0,1,1,23,23,0,0,0,0,,,2,3.3,3.3,2.8,,83,,RogeAr00
397,Trey Sermon,PHI,RB,23,2,0,0,0,0,0,0,2,19,9.5,0,0,0,0,,0,0,0,0,,,2,1.9,1.9,1.9,,100,,SermTr00
398,Eric Tomlinson,DEN,TE,30,6,5,0,0,0,0,0,0,0,,0,3,1,16,16,0,0,0,0,,,2,2.6,2.6,2.1,,89,,TomlEr01
399,Kadarius Toney,NYG,WR,23,2,1,0,0,0,0,0,2,23,11.5,0,3,2,0,0,0,0,0,0,,,2,4.3,4.3,3.3,,153,,ToneKa00
400,Cole Turner,WAS,TE,22,2,1,0,0,0,0,0,0,0,,0,5,2,23,11.5,0,0,0,0,,,2,4.3,4.3,3.3,,84,,TurnCo00
401,Tylan Wallace,BAL,WR,23,6,0,0,0,0,0,0,0,0,,0,6,3,21,7,0,0,0,0,,,2,5.1,5.1,3.6,,157,,WallTy00
402,Dwayne Washington,NOR,RB,28,6,0,0,0,0,0,0,4,18,4.5,0,0,0,0,,0,0,0,0,,,2,1.8,1.8,1.8,,103,,WashDw00
403,Trevon Wesco,CHI,TE,27,5,1,0,0,0,0,0,0,0,,0,2,1,23,23,0,0,0,0,,,2,3.3,3.3,2.8,,85,,WescTr00
404,Zamir White,LVR,RB,23,5,0,0,0,0,0,0,4,19,4.75,0,0,0,0,,0,0,0,0,,,2,1.9,1.9,1.9,,101,,WhitZa01
405,Juwann Winfree,GNB,WR,26,3,0,0,0,0,0,0,0,0,,0,4,1,17,17,0,0,0,0,,,2,2.7,2.7,2.2,,162,,WinfJu00
406,Michael Woods II,CLE,WR,22,1,0,0,0,0,0,0,0,0,,0,2,1,15,15,0,0,0,0,,,2,2.5,2.5,2,,167,,WoodMi00
407,Miles Boykin,PIT,WR,26,6,0,0,0,0,0,0,0,0,,0,2,1,11,11,0,0,0,0,,,1,2.1,2.1,1.6,,174,,BoykMi00
408,Michael Burton,KAN,RB,30,6,0,0,0,0,0,0,2,8,4,0,2,1,2,2,0,0,0,0,,,1,2,2,1.5,,106,,BurtMi00
409,Keelan Cole,LVR,WR,29,3,1,0,0,0,0,0,0,0,,0,4,1,12,12,0,0,0,0,,,1,2.2,2.2,1.7,,171,,ColeKe00
410,Bryan Edwards,ATL,WR,24,4,1,0,0,0,0,0,0,0,,0,4,2,12,6,0,0,0,0,,,1,3.2,3.2,2.2,,172,,EdwaBr01
411,Luke Farrell,JAX,TE,25,6,0,0,0,0,0,0,0,0,,0,1,1,11,11,0,0,0,0,,,1,2.1,2.1,1.6,,94,,FarrLu00
412,Troy Hairston,HOU,RB,24,5,1,0,0,0,0,0,0,0,,0,1,1,5,5,0,0,0,0,,,1,1.5,1.5,1,,111,,HairTr00
413,Kevin Harris,NWE,RB,22,1,0,0,0,0,0,0,3,5,1.67,0,0,0,0,,0,0,0,0,,,1,0.5,0.5,0.5,,112,,HarrKe01
414,Brian Hoyer,NWE,QB,37,1,1,5,6,37,0,0,0,0,,0,0,0,0,,0,0,0,0,,,1,1.5,1.5,1.5,,44,,HoyeBr00
415,D'Ernest Johnson,CLE,RB,26,4,0,0,0,0,0,0,0,0,,0,2,2,9,4.5,0,0,0,0,,,1,2.9,2.9,1.9,,108,,JohnDE04
416,Jakob Johnson,LVR,RB,28,5,2,0,0,0,0,0,0,0,,0,2,2,6,3,0,0,0,0,,,1,2.6,2.6,1.6,,110,,JohnJa12
417,Brevin Jordan,HOU,TE,22,2,1,0,0,0,0,0,0,0,,0,6,3,8,2.67,0,0,0,0,,,1,3.8,3.8,2.3,,97,,JordBr00
418,Tyler Kroft,SFO,TE,30,2,2,0,0,0,0,0,0,0,,0,2,1,9,9,0,0,0,0,,,1,1.9,1.9,1.4,,96,,KrofTy00
419,Jordan Mason,SFO,RB,23,6,0,0,0,0,0,0,1,7,7,0,0,0,0,,0,0,0,0,,,1,0.7,0.7,0.7,,109,,MasoJo00
420,Sean McKeon,DAL,TE,25,2,0,0,0,0,0,0,0,0,,0,1,1,10,10,0,0,0,0,,,1,2,2,1.5,,95,,McKeSe01
421,Jalen Nailor,MIN,WR,23,5,0,0,0,0,0,0,0,0,,0,1,1,13,13,0,0,0,0,,,1,2.3,2.3,1.8,,169,,NailJa00
422,James Proche,BAL,WR,26,4,0,0,0,0,0,0,0,0,,0,2,1,7,7,0,0,0,0,,,1,1.7,1.7,1.2,,175,,ProcJa00
423,Ronnie Rivers,LAR,RB,23,1,0,0,0,0,0,0,1,0,0,0,1,1,14,14,0,0,0,0,,,1,2.4,2.4,1.9,,105,,RiveRo01
424,Amari Rodgers,GNB,WR,23,6,0,0,0,0,0,0,0,0,,0,1,1,14,14,0,2,0,0,,,1,2.4,2.4,1.9,,168,,RodgAm00
425,Kyle Rudolph,TAM,TE,33,2,0,0,0,0,0,0,0,0,,0,2,1,12,12,0,0,0,0,,,1,2.2,2.2,1.7,,93,,RudoKy00
426,Mason Schreck,HOU,TE,29,2,1,0,0,0,0,0,0,0,,0,2,2,6,3,0,0,0,0,,,1,2.6,2.6,1.6,,99,,SchrMa00
427,Cam Sims,WAS,WR,26,6,1,0,0,0,0,0,0,0,,0,7,2,13,6.5,0,0,0,0,,,1,3.3,3.3,2.3,,170,,SimsCa00
428,Keith Smith,ATL,RB,30,6,2,0,0,0,0,0,1,2,2,0,2,1,8,8,0,0,0,0,,,1,2,2,1.5,,107,,SmitKe03
429,Pierre Strong,NWE,RB,24,4,0,0,0,0,0,0,1,5,5,0,0,0,0,,0,0,0,0,,,1,0.5,0.5,0.5,,113,,StroPi00
430,Stephen Sullivan,CAR,TE,26,4,0,0,0,0,0,0,0,0,,0,1,1,13,13,0,0,0,0,,,1,2.3,2.3,1.8,,92,,SullSt00
431,Tommy Sweeney,BUF,TE,27,3,0,0,0,0,0,0,0,0,,0,1,1,7,7,0,0,0,0,,,1,1.7,1.7,1.2,,98,,SweeTo00
432,Tyrod Taylor,NYG,QB,33,1,0,1,3,11,0,1,3,30,10,0,0,0,0,,0,1,0,0,,,1,1.4,2.4,2.4,,45,,TaylTy00
433,Nick Vannett,NOR,TE,29,2,0,0,0,0,0,0,0,0,,0,1,1,5,5,0,0,0,0,,,1,1.5,1.5,1,,100,,VannNi00
434,Montrell Washington,DEN,WR,23,6,0,0,0,0,0,0,2,28,14,0,3,2,4,2,0,3,1,0,,,1,3.2,4.2,2.2,,173,,WashMo00
435,Salvon Ahmed,MIA,,24,3,0,0,0,0,0,0,0,0,,0,0,0,0,,0,0,0,0,,,,,,,,120,,AhmeSa01
436,Stephen Anderson,ARI,TE,29,7,0,0,0,0,0,0,0,0,,0,1,1,2,2,0,0,0,0,,,,1.2,1.2,0.7,,101,,AndeSt01
437,Devin Asiasi,CIN,,25,3,0,0,0,0,0,0,0,0,,0,1,0,0,,0,0,0,0,,,,,,,,102,,AsiaDe00
438,C.J. Beathard,JAX,QB,29,1,0,0,0,0,0,0,1,-1,-1,0,0,0,0,,0,0,0,0,,,,-0.1,-0.1,-0.1,,52,,BeatC.00
439,Giovani Bernard,TAM,,31,2,0,0,0,0,0,0,0,0,,0,0,0,0,,0,0,0,0,,,,,,,,121,,BernGi00
440,Khari Blasingame,CHI,,26,6,1,0,0,0,0,0,0,0,,0,0,0,0,,0,0,0,0,,,,,,,,122,,BlasKh00
441,Nick Boyle,BAL,,29,4,0,0,0,0,0,0,0,0,,0,0,0,0,,0,0,0,0,,,,,,,,103,,BoylNi00
442,Damiere Byrd,ATL,,29,3,0,0,0,0,0,0,0,0,,0,2,0,0,,0,0,0,0,,,,,,,,178,,ByrdDa00
443,Lawrence Cager,NYJ,,25,1,1,0,0,0,0,0,0,0,,0,1,0,0,,0,0,0,0,,,,,,,,179,,CageLa01
444,Trenton Cannon,TEN,,28,2,0,0,0,0,0,0,0,0,,0,0,0,0,,0,0,0,0,,,,,,,,123,,CannTr00
445,Cethan Carter,MIA,,27,1,0,0,0,0,0,0,0,0,,0,0,0,0,,0,0,0,0,,,,,,,,104,,CartCe00
446,Dan Chisena,MIN,,25,1,0,0,0,0,0,0,0,0,,0,0,0,0,,0,0,0,0,,,,,,,,180,,ChisDa00
447,Corey Clement,ARI,,28,2,0,0,0,0,0,0,0,0,,0,0,0,0,,0,0,0,0,,,,,,,,124,,ClemCo00
448,Chris Conley,HOU,,30,2,0,0,0,0,0,0,0,0,,0,2,0,0,,0,0,0,0,,,,,,,,181,,ConlCh00
449,Keke Coutee,IND,,25,2,0,0,0,0,0,0,0,0,,0,0,0,0,,0,1,0,0,,,,,,,,182,,CoutKe00
450,Chase Daniel,LAC,,36,1,0,0,0,0,0,0,0,0,,0,0,0,0,,0,0,0,0,,,,,,,,48,,DaniCh00
451,Rico Dowdle,DAL,,24,5,0,0,0,0,0,0,0,0,,0,0,0,0,,0,0,0,0,,,,,,,,125,,DowdRi01
452,Jacob Eason,CAR,QB,25,1,0,3,5,59,0,1,0,0,,0,0,0,0,,0,0,0,0,,,,0.4,1.4,1.4,,46,,EasoJa00
453,Chris Evans,CIN,RB,25,6,0,0,0,0,0,0,0,0,,0,2,1,4,4,0,0,0,0,,,,1.4,1.4,0.9,,114,,EvanCh02
454,Darrynton Evans,CHI,,24,1,0,0,0,0,0,0,0,0,,0,0,0,0,,0,0,0,0,,,,,,,,126,,EvanDa02
455,Demetric Felton,CLE,RB,24,3,0,0,0,0,0,0,1,-4,-4,0,2,1,3,3,0,1,0,0,,,,0.9,0.9,0.4,,136,,FeltDe00
456,Nick Foles,IND,,33,1,0,0,0,0,0,0,0,0,,0,0,0,0,,0,0,0,0,,,,,,,,49,,FoleNi00
457,Feleipe Franks,ATL,,25,4,0,0,0,0,0,0,0,0,,0,2,0,0,,0,0,0,0,,,,,,,,50,,FranFe00
458,Jake Funk,LAR,,24,5,0,0,0,0,0,0,0,0,,0,0,0,0,,0,0,0,0,,,,,,,,127,,FunkJa00
459,Tanner Gentry,BUF,,28,1,0,0,0,0,0,0,0,0,,0,1,0,0,,0,0,0,0,,,,,,,,183,,GentTa00
460,Cullen Gillaspia,SEA,,27,3,0,0,0,0,0,0,0,0,,0,0,0,0,,0,0,0,0,,,,,,,,128,,GillCu00
461,Josh Gordon,TEN,,31,2,0,0,0,0,0,0,0,0,,0,1,0,0,,0,0,0,0,,,,,,,,184,,GordJo02
462,Justin Hardee,NYJ,,28,6,0,0,0,0,0,0,0,0,,0,0,0,0,,0,0,0,0,,,,,,,,185,,HardJu01
463,Clark Harris,CIN,,38,1,0,0,0,0,0,0,0,0,,0,0,0,0,,0,0,0,0,,,,,,,,105,,HarrCl20
464,Jacob Harris,LAR,,25,3,0,0,0,0,0,0,0,0,,0,0,0,0,,0,0,0,0,,,,,,,,106,,HarrJa03
465,Chad Henne,KAN,,37,1,0,0,0,0,0,0,0,0,,0,0,0,0,,0,1,0,0,,,,,,,,51,,HennCh01
466,Rashard Higgins,CAR,,28,3,0,0,0,0,0,0,0,0,,0,0,0,0,,0,0,0,0,,,,,,,,186,,HiggRa00
467,Jacob Hollister,MIN,,29,1,0,0,0,0,0,0,0,0,,0,0,0,0,,0,0,0,0,,,,,,,,107,,HollJa03
468,J.P. Holtz,NOR,,29,4,2,0,0,0,0,0,0,0,,0,0,0,0,,0,0,0,0,,,,,,,,108,,HoltJ.01
469,Brycen Hopkins,LAR,,25,3,0,0,0,0,0,0,0,0,,0,0,0,0,,0,0,0,0,,,,,,,,109,,HopkBr01
470,Jesse James,CLE,,28,2,0,0,0,0,0,0,0,0,,0,0,0,0,,0,0,0,0,,,,,,,,110,,JameJe00
471,Tyler Johnson,HOU,,24,2,0,0,0,0,0,0,0,0,,0,0,0,0,,0,0,0,0,,,,,,,,187,,JohnTy00
472,Ty Johnson,NYJ,RB,25,6,0,0,0,0,0,0,0,0,,0,3,1,4,4,0,0,0,0,,,,1.4,1.4,0.9,,115,,JohnTy02
473,Tyron Johnson,LVR,,26,2,0,0,0,0,0,0,0,0,,0,0,0,0,,0,0,0,0,,,,,,,,188,,JohnTy03
474,Taiwan Jones,BUF,,34,6,0,0,0,0,0,0,0,0,,0,0,0,0,,0,0,0,0,,,,,,,,129,,JoneTa00
475,Case Keenum,BUF,QB,34,2,0,2,7,8,0,0,5,0,0,0,0,0,0,,0,0,0,0,,,,0.3,0.3,0.3,,47,,KeenCa00
476,Hunter Long,MIA,,24,2,0,0,0,0,0,0,0,0,,0,0,0,0,,0,0,0,0,,,,,,,,111,,LongHu00
477,Marlon Mack,SFO,,26,2,0,0,0,0,0,0,0,0,,0,0,0,0,,0,0,0,0,,,,,,,,130,,MackMa00
478,Jason Moore,LAC,,27,3,0,0,0,0,0,0,0,0,,0,0,0,0,,0,0,0,0,,,,,,,,189,,MoorJa02
479,Stanley Morgan Jr.,CIN,,26,6,0,0,0,0,0,0,0,0,,0,1,0,0,,0,0,0,0,,,,,,,,190,,MorgSt02
480,Dare Ogunbowale,HOU,,28,5,0,0,0,0,0,0,0,0,,0,0,0,0,,0,0,0,0,,,,,,,,131,,OgunDa00
481,Gunner Olszewski,PIT,WR,26,5,0,0,0,0,0,0,2,18,9,0,0,0,0,,0,2,1,0,,,,-0.2,0.8,-0.2,,197,,OlszGu00
482,Matthew Orzech,LAR,,27,6,0,0,0,0,0,0,0,0,,0,0,0,0,,0,0,0,0,,,,,,,,112,,OrzeMa00
483,Devine Ozigbo,DEN,RB,26,1,0,0,0,0,0,0,1,2,2,0,0,0,0,,0,0,0,0,,,,0.2,0.2,0.2,,117,,OzigDe01
484,Adam Prentice,NOR,RB,25,3,1,0,0,0,0,0,0,0,,0,1,1,2,2,0,1,0,0,,,,1.2,1.2,0.7,,118,,PrenAd00
485,Brock Purdy,SFO,QB,23,1,0,0,0,0,0,0,1,-1,-1,0,0,0,0,,0,0,0,0,,,,-0.1,-0.1,-0.1,,53,,PurdBr00
486,Kevin Rader,TEN,,27,3,0,0,0,0,0,0,0,0,,0,0,0,0,,0,0,0,0,,,,,,,,113,,RadeKe00
487,Andre Roberts,CAR,,34,1,0,0,0,0,0,0,0,0,,0,0,0,0,,0,0,0,0,,,,,,,,191,,RobeAn00
488,Richard Rodgers,LAC,,30,4,0,0,0,0,0,0,0,0,,0,1,0,0,,0,0,0,0,,,,,,,,114,,RodgRi00
489,Drew Sample,CIN,TE,26,2,2,0,0,0,0,0,0,0,,0,2,2,-2,-1,0,0,0,0,,,,1.8,1.8,0.8,,119,,SampDr00
490,Matthew Slater,NWE,,37,6,0,0,0,0,0,0,0,0,,0,0,0,0,,0,0,0,0,,,,,,,,192,,SlatMa00
491,Willie Snead,SFO,,30,1,0,0,0,0,0,0,0,0,,0,0,0,0,,0,0,0,0,,,,,,,,193,,SneaWi00
492,Benny Snell Jr.,PIT,,24,6,0,0,0,0,0,0,0,0,,0,0,0,0,,0,0,0,0,,,,,,,,132,,SnelBe00
493,Matt Sokol,NWE,,27,1,0,0,0,0,0,0,0,0,,0,0,0,0,,0,0,0,0,,,,,,,,115,,SokoMa00
494,Keir Thomas,LAR,,24,2,0,0,0,0,0,0,0,0,,0,0,0,0,,0,0,0,0,,,,,,,,194,,ThomKe04
495,Noah Togiai,PHI,,25,2,0,0,0,0,0,0,0,0,,0,1,0,0,,0,0,0,0,,,,,,,,116,,TogiNo00
496,Jalen Tolbert,DAL,WR,23,2,0,0,0,0,0,0,0,0,,0,2,1,4,4,0,0,0,0,,,,1.4,1.4,0.9,,176,,TolbJa00
497,Malik Turner,SFO,,26,3,0,0,0,0,0,0,0,0,,0,0,0,0,,0,0,0,0,,,,,,,,195,,TurnMa00
498,KaVontae Turpin,DAL,WR,26,6,0,0,0,0,0,0,1,3,3,0,1,0,0,,0,0,0,0,,,,0.3,0.3,0.3,,177,,TurpKa00
499,Ke'Shawn Vaughn,TAM,,25,4,0,0,0,0,0,0,0,0,,0,0,0,0,,0,0,0,0,,,,,,,,133,,VaugKe00
500,Jonathan Ward,ARI,,25,5,0,0,0,0,0,0,0,0,,0,0,0,0,,0,0,0,0,,,,,,,,134,,WardJo00
501,Derek Watt,PIT,RB,30,6,1,0,0,0,0,0,1,2,2,0,1,1,1,1,0,0,0,0,,,,1.3,1.3,0.8,,116,,WattDe00
502,Antonio Williams,NYG,,25,2,0,0,0,0,0,0,0,0,,0,0,0,0,,0,0,0,0,,,,,,,,135,,WillAn03
503,Damien Williams,ATL,RB,30,1,1,0,0,0,0,0,2,2,1,0,0,0,0,,0,0,0,0,,,,0.2,0.2,0.2,,119,,WillDa05
504,Maxx Williams,ARI,,28,4,0,0,0,0,0,0,0,0,,0,0,0,0,,0,0,0,0,,,,,,,,117,,WillMa04
505,Malik Willis,TEN,QB,23,1,0,1,4,6,0,0,4,16,4,0,0,0,0,,0,1,1,0,,,,-0.2,0.8,-0.2,,54,,WillMa12
506,Javon Wims,ARI,,28,1,0,0,0,0,0,0,0,0,,0,0,0,0,,0,0,0,0,,,,,,,,196,,WimsJa00
507,Charlie Woerner,SFO,,25,6,1,0,0,0,0,0,0,0,,0,2,0,0,,0,0,0,0,,,,,,,,118,,WoerCh00
508,Deonte Harty,NOR,WR,25,4,0,0,0,0,0,0,0,0,,0,2,2,13,6.5,0,1,1,0,,,-1,1.3,2.3,0.3,,200,,HarrDe07
509,Steven Sims,PIT,WR,25,2,0,0,0,0,0,0,1,-5,-5,0,0,0,0,,0,0,0,0,,,-1,-0.5,-0.5,-0.5,,198,,SimsSt00
510,Ihmir Smith-Marsette,CHI,WR,23,6,0,0,0,0,0,0,1,-1,-1,0,4,1,15,15,0,1,1,0,,,-1,0.4,1.4,-0.1,,199,,SmitIh00
511,Chester Rogers,CLE,,28,3,0,0,0,0,0,0,0,0,,0,0,0,0,,0,1,1,0,,,-2,-2,-1,-2,,201,,RogeCh02
512,Trent Taylor,CIN,,28,6,0,0,0,0,0,0,0,0,,0,0,0,0,,0,1,1,0,,,-2,-2,-1,-2,,202,,TaylTr02